time_s,position_m,velocity_mps,velocity_kmh,acceleration_mps2,motor_rpm,torque_left_nm,torque_right_nm,tractive_force_n,rolling_resistance_n,aero_drag_n,grade_force_n,net_force_n,battery_power_kw,mechanical_power_kw,power_limited
0.0,0.0,0.0,0.0,7.233955753586089,0.0,51.0306904761905,51.0306904761905,1764.0722653570754,35.156840249999995,0.0,0.0,1728.9154251070754,0.0,0.0,0.0
0.005,9.042444691982613e-05,0.03616977876793045,0.13021120356454963,7.2339485116673385,6.633300266706068,51.0306904761905,51.0306904761905,1764.0722653570754,35.156840249999995,0.0017308185815681255,0.0,1728.9136942884938,0.07877296736865101,0.07089567063178591,0.0
0.01,0.00036169769715532014,0.07233952132626714,0.2604222767745617,7.233926785940083,13.26659389281006,51.0306904761905,51.0306904761905,1764.0722653570754,35.156840249999995,0.006923267395378906,0.0,1728.90850183968,0.1575458558776229,0.14179127028986063,0.0
0.015,0.0008138193886109069,0.10850915525596755,0.3906329589214832,7.233890576534823,19.899867597134417,51.0306904761905,51.0306904761905,1764.0722653570754,35.156840249999995,0.015577315252483133,0.0,1728.8998477918228,0.23631850780787314,0.21268665702708583,0.0
0.02,0.00144678879709743,0.14467860813864167,0.52084298929911,7.233839883698052,26.533108098621256,51.0306904761905,51.0306904761905,1764.0722653570754,35.156840249999995,0.027692903240832515,0.0,1728.8877322038345,0.31509076544178055,0.2835816888976025,0.0
0.025,0.0022606048363368637,0.18084780755713192,0.651052107205675,7.233774707792257,33.166302116438686,51.0306904761905,51.0306904761905,1764.0722653570754,35.156840249999995,0.043269944726146946,0.0,1728.8721551623494,0.39386247106440747,0.35447622395796674,0.0
0.03,0.0032552660579699263,0.2170166810960932,0.7812600519459355,7.233695049295908,39.79943637008725,51.0306904761905,51.0306904761905,1764.0722653570754,35.156840249999995,0.062308325353253605,0.0,1728.853116781722,0.4726334669647643,0.4253701202682879,0.0
0.035,0.004430770651566591,0.25318515634257277,0.911466562833262,7.233600908803462,46.432497579506204,51.0306904761905,51.0306904761905,1764.0722653570754,35.156840249999995,0.08480790304789781,0.0,1728.8306172040275,0.5514035954370711,0.496263235893364,0.0
0.04,0.005787116444639498,0.2893531608865901,1.0416713791917243,7.23349228702534,53.065472465179894,51.0306904761905,51.0306904761905,1764.0722653570754,35.156840249999995,0.11076850801902555,0.0,1728.8046565990564,0.6301726987820213,0.5671554289038191,0.0
0.045,0.007324300902660266,0.3255206223217168,1.1718742403581806,7.233369184787924,59.69834774824413,51.0306904761905,51.0306904761905,1764.0722653570754,35.156840249999995,0.14018994276153762,0.0,1728.775235164314,0.7089406193080443,0.6380465573772399,0.0
0.05,0.0090423211290787,0.36168746824565645,1.3020748856843634,7.233231603033539,66.33111015059247,51.0306904761905,51.0306904761905,1764.0722653570754,35.156840249999995,0.17307198205951546,0.0,1728.7423531250158,0.7877071993325684,0.7089364793993116,0.0
0.055,0.010941173865344902,0.39785362626082416,1.432273054538967,7.233079542820442,72.96374639498254,51.0306904761905,51.0306904761905,1764.0722653570754,35.156840249999995,0.20941437298991822,0.0,1728.7060107340856,0.866472281183283,0.7798250530649548,0.0
0.06,0.013020855490934279,0.43401902397492637,1.562468486309735,7.232913005322798,79.59624320514236,51.0306904761905,51.0306904761905,1764.0722653570754,35.156840249999995,0.2492168349267514,0.0,1728.6662082721487,0.9452357071994013,0.8507121364794612,0.0
0.065,0.015281362023375445,0.47018358900154034,1.6926609204055452,7.2327319918306685,86.22858730587663,51.0306904761905,51.0306904761905,1764.0722653570754,35.156840249999995,0.29247905954570674,0.0,1728.6229460475297,1.0239973197329224,0.9215975877596303,0.0
0.07,0.017722689118281027,0.5063472489606937,1.8228500962584975,7.232536503749984,92.860765423173,51.0306904761905,51.0306904761905,1764.0722653570754,35.156840249999995,0.339200710829273,0.0,1728.576224396246,1.1027569611498937,0.9924812650349044,0.0
0.075,0.020344832069381372,0.5425099314794436,1.953035753325997,7.232326542602523,99.49276428430831,51.0306904761905,51.0306904761905,1764.0722653570754,35.156840249999995,0.3893814250723178,0.0,1728.526043682003,1.1815144738316712,1.0633630264485041,0.0
0.08,0.02314778580856112,0.5786715641924562,2.0832176310928427,7.232102110025888,106.12457061795482,51.0306904761905,51.0306904761905,1764.0722653570754,35.156840249999995,0.4430208108881409,0.0,1728.4724042961873,1.2602697001761836,1.1342427301585651,0.0
0.085,0.026131544905898724,0.6148320747425857,2.213395469073309,7.231863207773475,112.75617115428636,51.0306904761905,51.0306904761905,1764.0722653570754,35.156840249999995,0.5001184492149965,0.0,1728.4153066578604,1.3390224825991899,1.205120234339271,0.0
0.09,0.02929610356970882,0.6509913907814531,2.3435690068132313,7.231609837714444,119.38755262508468,51.0306904761905,51.0306904761905,1764.0722653570754,35.156840249999995,0.5606738933230878,0.0,1728.3547512137523,1.4177726635355448,1.2759953971819902,0.0
0.095,0.03264145564658752,0.6871494399700253,2.473737983892091,7.2313420018336965,126.01870176384537,51.0306904761905,51.0306904761905,1764.0722653570754,35.156840249999995,0.6246866688220309,0.0,1728.2907384382534,1.4965200854404543,1.346868076896409,0.0
0.1,0.03616759462146057,0.7233061499791937,2.6039021399250974,7.231059702231827,132.6496053058842,51.0306904761905,51.0306904761905,1764.0722653570754,35.156840249999995,0.6921562736687887,0.0,1728.2232688334066,1.5752645907907417,1.4177381317116675,0.0
0.105,0.03987451361763444,0.7594614484903529,2.7340612145652705,7.230762941125102,139.28024998844313,51.0306904761905,51.0306904761905,1764.0722653570754,35.156840249999995,0.7630821781760748,0.0,1728.1523429288993,1.6540060220861024,1.488605419877492,0.0
0.11,0.043762205396850266,0.7956152631959784,2.8642149475055225,7.230451720845416,145.9106225507962,51.0306904761905,51.0306904761905,1764.0722653570754,35.156840249999995,0.8374638250212272,0.0,1728.0779612820543,1.7327442218503648,1.5594697996653284,0.0
0.115,0.04783066235934073,0.8317675218002055,2.99436307848074,7.23012604384025,152.54070973435591,51.0306904761905,51.0306904761905,1764.0722653570754,35.156840249999995,0.91530062925555,0.0,1728.0001244778198,1.811479032632752,1.6303311293694767,0.0
0.12,0.05207987654388976,0.8679181520194068,3.1245053472698645,7.229785912672641,159.17049828277896,51.0306904761905,51.0306904761905,1764.0722653570754,35.156840249999995,0.9965919783141267,0.0,1727.9188331287612,1.8902102970091375,1.7011892673082238,0.0
0.125,0.05650983962789519,0.90406708158277,3.254641493697972,7.229431330021127,165.79997494207223,51.0306904761905,51.0306904761905,1764.0722653570754,35.156840249999995,1.0813372320260997,0.0,1727.8340878750494,1.968937857583305,1.7720440718249746,0.0
0.13,0.0611205429274343,0.9402142382328756,3.384771257638352,7.2290622986797075,172.42912646069874,51.0306904761905,51.0306904761905,1764.0722653570754,35.156840249999995,1.1695357226254186,0.0,1727.74588938445,2.0476615569882046,1.8428954012893841,0.0
0.135,0.06591197739733218,0.9763595497262741,3.514894379014587,7.228678821557796,179.0579395896836,51.0306904761905,51.0306904761905,1764.0722653570754,35.156840249999995,1.2611867547620597,0.0,1727.6542383523133,2.126381237887213,1.9137431140984917,0.0
0.14,0.07088413363123303,1.0125029438340631,3.6450105978026275,7.228280901680175,185.6864010827196,51.0306904761905,51.0306904761905,1764.0722653570754,35.156840249999995,1.356289605513708,0.0,1727.5591355015617,2.2050967429753863,1.9845870686778477,0.0
0.145,0.07603700186167434,1.0486443483424641,3.775119654032871,7.227868542186935,192.31449769627335,51.0306904761905,51.0306904761905,1764.0722653570754,35.156840249999995,1.454843524397912,0.0,1727.4605815826776,2.2838079149807218,2.0554271234826498,0.0
0.15,0.08137057196016399,1.0847836910533988,3.905221287792236,7.227441746333434,198.94221618969064,51.0306904761905,51.0306904761905,1764.0722653570754,35.156840249999995,1.5568477333847015,0.0,1727.3585773736907,2.362514596665406,2.1262631369988654,0.0
0.155,0.08688483343726015,1.120920899785066,4.035315239226238,7.227000517490233,205.56954332530245,51.0306904761905,51.0306904761905,1764.0722653570754,35.156840249999995,1.6623014269096743,0.0,1727.2531236801658,2.441216630827077,2.1970949677443694,0.0
0.16,0.09257977544265411,1.157055902372517,4.165401248541062,7.226544859143046,212.19646586853034,51.0306904761905,51.0306904761905,1764.0722653570754,35.156840249999995,1.7712037718875506,0.0,1727.144221335188,2.5199138603000755,2.267922474270068,0.0
0.165,0.09845538676525599,1.1931886266682323,4.295479056005637,7.226074774892675,218.82297058799227,51.0306904761905,51.0306904761905,1764.0722653570754,35.156840249999995,1.8835539077261887,0.0,1727.0318711993493,2.5986061279566988,2.338745515161029,0.0
0.17,0.10451165583328331,1.2293190005426957,4.425548401953705,7.2255902684549556,225.44904425560793,51.0306904761905,51.0306904761905,1764.0722653570754,35.156840249999995,1.9993509463410717,0.0,1726.9160741607343,2.6772932767084554,2.4095639490376097,0.0
0.17500000000000002,0.11074857071435247,1.2654469518849705,4.555609026785894,7.225091343660691,232.07467364670438,51.0306904761905,51.0306904761905,1764.0722653570754,35.156840249999995,2.1185939721702556,0.0,1726.7968311349052,2.755975149507316,2.4803776345565844,0.0
0.18,0.11716611911557309,1.3015724086032738,4.685660670971786,7.224578004455588,238.6998455401213,51.0306904761905,51.0306904761905,1764.0722653570754,35.156840249999995,2.241282042189784,0.0,1726.6741430648856,2.8346515893469655,2.5511864304122693,0.0
0.185,0.12376428838364516,1.3376952986255517,4.815703075051986,7.224050254900192,245.3245467183165,51.0306904761905,51.0306904761905,1764.0722653570754,35.156840249999995,2.367414185929568,0.0,1726.5480109211458,2.913322439264057,2.6219901953376517,0.0
0.19,0.13054306550495914,1.3738155499000526,4.945735979640189,7.223508099169814,251.94876396747128,51.0306904761905,51.0306904761905,1764.0722653570754,35.156840249999995,2.496989405489724,0.0,1726.4184357015856,2.991987542339459,2.6927887881055135,0.0
0.195,0.13750243710569904,1.4099330903959018,5.075759125425247,7.222951541554469,258.5724840775954,51.0306904761905,51.0306904761905,1764.0722653570754,35.156840249999995,2.630006675557386,0.0,1726.285418431518,3.0706467416995062,2.7635820675295553,0.0
0.2,0.144642389451948,1.446047848103674,5.205772253173227,7.222380586458793,265.19569384263264,51.0306904761905,51.0306904761905,1764.0722653570754,35.156840249999995,2.7664649434239674,0.0,1726.1489601636515,3.1492998805172503,2.834369892465525,0.0
0.20500000000000002,0.1519629084497971,1.482159751035968,5.335775103729485,7.2217952384019775,271.81838006056535,51.0306904761905,51.0306904761905,1764.0722653570754,35.156840249999995,2.906363129002897,0.0,1726.0090619780726,3.2279468020137023,2.905152121812332,0.0
0.21,0.15946397964545694,1.518268727227978,5.465767418020721,7.2211955020176894,278.4405295335202,51.0306904761905,51.0306904761905,1764.0722653570754,35.156840249999995,3.049700124847808,0.0,1725.8657249822277,3.3065873494590905,2.9759286145131814,0.0
0.215,0.16714558822537207,1.5543747047380665,5.5957489370570395,7.220581382053992,285.06212906787243,51.0306904761905,51.0306904761905,1764.0722653570754,35.156840249999995,3.1964747961711963,0.0,1725.7189503109041,3.3852213661740937,3.0466992295566846,0.0
0.22,0.17500771901633808,1.5904776116483363,5.725719401934011,7.219952883373271,291.68316547435137,51.0306904761905,51.0306904761905,1764.0722653570754,35.156840249999995,3.3466859808635308,0.0,1725.5687391262118,3.4638486955311003,3.1174638259779903,0.0
0.225,0.18305035648562193,1.6265773760652027,5.85567855383473,7.219310010952144,298.303625568145,51.0306904761905,51.0306904761905,1764.0722653570754,35.156840249999995,3.5003324895128327,0.0,1725.4150926175626,3.542469180955443,3.1882222628598993,0.0
0.23,0.19127348474108485,1.6626739261199635,5.985626134031868,7.218652769881384,304.92349616900447,51.0306904761905,51.0306904761905,1764.0722653570754,35.156840249999995,3.6574131054247068,0.0,1725.2580120016507,3.6210826659266506,3.2589743993339853,0.0
0.23500000000000001,0.19967708753130817,1.6987671899693704,6.115561883889733,7.217981165365826,311.5427641013491,51.0306904761905,51.0306904761905,1764.0722653570754,35.156840249999995,3.817926584642838,0.0,1725.0974985224325,3.699688993979679,3.3297200945817114,0.0
0.24,0.2082611482457221,1.7348570957961995,6.245485544866319,7.21729520272429,318.16141619437104,51.0306904761905,51.0306904761905,1764.0722653570754,35.156840249999995,3.9818716559699427,0.0,1724.9335534511054,3.778288008706171,3.400459207835554,0.0
0.245,0.21702564991473713,1.770943571809821,6.375396858515356,7.2165948873894825,324.7794392821393,51.0306904761905,51.0306904761905,1764.0722653570754,35.156840249999995,4.149247020989178,0.0,1724.7661780860863,3.8568795537556793,3.4711915983801114,0.0
0.25,0.2259705752098786,1.8070265462467683,6.505295566488366,7.215880224907906,331.3968202037049,51.0306904761905,51.0306904761905,1764.0722653570754,35.156840249999995,4.320051354086013,0.0,1724.5953737529894,3.9354634728369233,3.541917125553231,0.0
0.255,0.2350959064439238,1.8431059473713078,6.635181410536708,7.215151220939769,338.01354580320464,51.0306904761905,51.0306904761905,1764.0722653570754,35.156840249999995,4.494283302470548,0.0,1724.4211418046048,4.014039609719014,3.612635648747113,0.0
0.26,0.2444016255710421,1.8791817034760068,6.765054132513624,7.214407881258892,344.62960292996524,51.0306904761905,51.0306904761905,1764.0722653570754,35.156840249999995,4.671941486200299,0.0,1724.2434836208752,4.0926078082327,3.68334702740943,0.0
0.265,0.2538877141869379,1.9152537428823013,6.894913474376285,7.2136502117526025,351.2449784386083,51.0306904761905,51.0306904761905,1764.0722653570754,35.156840249999995,4.853024498203431,0.0,1724.062400608872,4.171167912271603,3.754051121044443,0.0
0.27,0.26355415352899636,1.9513219939410644,7.024759178187832,7.212878218421644,357.8596591891537,51.0306904761905,51.0306904761905,1764.0722653570754,35.156840249999995,5.037530904302447,0.0,1723.877894202773,4.249719765793455,3.8247477892141095,0.0
0.275,0.273400924476432,1.9873863850331726,7.1545909861194215,7.212091907380071,364.4736320471237,51.0306904761905,51.0306904761905,1764.0722653570754,35.156840249999995,5.225459243238338,0.0,1723.689965863837,4.328263212821329,3.8954368915391964,0.0
0.28,0.2834280075504401,2.023446844570073,7.284408640452263,7.211291284855148,371.08688388364726,51.0306904761905,51.0306904761905,1764.0722653570754,35.156840249999995,5.416808026695173,0.0,1723.4986170803802,4.406798097444882,3.966118287700394,0.0
0.28500000000000003,0.2936353829143512,2.0595033009943484,7.414211883579655,7.21047635718724,377.69940157556306,51.0306904761905,51.0306904761905,1764.0722653570754,35.156840249999995,5.611575739325154,0.0,1723.3038493677502,4.485324263821574,4.0367918374394165,0.0
0.29,0.3040230303737878,2.095555682780285,7.544000458009026,7.209647130829713,384.31117200552427,51.0306904761905,51.0306904761905,1764.0722653570754,35.156840249999995,5.809760838774122,0.0,1723.1056642683013,4.563841556177913,4.107457400560121,0.0
0.295,0.3145909293768246,2.1316039184344335,7.673774106363961,7.20880361234882,390.9221820621011,51.0306904761905,51.0306904761905,1764.0722653570754,35.156840249999995,6.011361755707496,0.0,1722.904063351368,4.642349818810678,4.17811483692961,0.0
0.3,0.3253390590141511,2.1676479364961776,7.803532571386239,7.207945808423593,397.53241863988507,51.0306904761905,51.0306904761905,1764.0722653570754,35.156840249999995,6.2163768938366895,0.0,1722.6990482132387,4.7208488960881505,4.248764006479336,0.0
0.305,0.3362673980192373,2.2036876655382955,7.9332755959378645,7.20707372584573,404.1418686395919,51.0306904761905,51.0306904761905,1764.0722653570754,35.156840249999995,6.424804629945959,0.0,1722.4906204771294,4.799338632451341,4.319404769206207,0.0
0.31,0.3473759247685019,2.239723034167524,8.063002923003086,7.20618737151948,410.75051896816535,51.0306904761905,51.0306904761905,1764.0722653570754,35.156840249999995,6.636643313919707,0.0,1722.2787817931558,4.877818872415218,4.390036985173696,0.0
0.315,0.3586646172814835,2.2757539710251216,8.192714295690438,7.205286752461528,417.3583565388801,51.0306904761905,51.0306904761905,1764.0722653570754,35.156840249999995,6.851891268770235,0.0,1722.0635338383051,4.956289460569934,4.4606605145129405,0.0
0.32,0.3701334532210149,2.311780404787429,8.322409457234745,7.204371875800876,423.9653682714447,51.0306904761905,51.0306904761905,1764.0722653570754,35.156840249999995,7.070546790665928,0.0,1721.8448783164094,5.034750241582045,4.531275217423841,0.0
0.325,0.38178240989339957,2.3478022641664333,8.45208815099916,7.203442748778726,430.57154109210495,51.0306904761905,51.0306904761905,1764.0722653570754,35.156840249999995,7.292608148959915,0.0,1721.6228169581154,5.113201060195741,4.601880954176167,0.0
0.33,0.39361146424859145,2.383819477910327,8.581750120477176,7.202499378748353,437.1768619337466,51.0306904761905,51.0306904761905,1764.0722653570754,35.156840249999995,7.518073586219149,0.0,1721.3973515208563,5.191641761234062,4.672477585110656,0.0
0.335,0.40562059288037744,2.4198319748040684,8.711395109294646,7.201541773174985,443.781317735998,51.0306904761905,51.0306904761905,1764.0722653570754,35.156840249999995,7.74694131825394,0.0,1721.1684837888215,5.270072189600121,4.743064970640109,0.0
0.34,0.41780977202656244,2.4558396836699434,8.841022861211796,7.20056993963568,450.384895445333,51.0306904761905,51.0306904761905,1764.0722653570754,35.156840249999995,7.97920953414794,0.0,1720.9362155729275,5.3484921902783205,4.813642971250489,0.0
0.34500000000000003,0.43017897756915763,2.491842533368122,8.970633120125239,7.199583885819193,456.98758201517313,51.0306904761905,51.0306904761905,1764.0722653570754,35.156840249999995,8.214876396288554,0.0,1720.700548710787,5.426901608335575,4.884211447502017,0.0
0.35000000000000003,0.442728185034571,2.527840452797218,9.100225630069984,7.198583619525848,463.5893644059906,51.0306904761905,51.0306904761905,1764.0722653570754,35.156840249999995,8.45394004039781,0.0,1720.4614850666776,5.5053002889225215,4.95477026003027,0.0
0.355,0.4554573695938012,2.563833370894847,9.22980013522145,7.197569148667413,470.19022958540995,51.0306904761905,51.0306904761905,1764.0722653570754,35.156840249999995,8.696398575563668,0.0,1720.2190265315116,5.583688077274739,5.025319269547265,0.0
0.36,0.4683665060626338,2.599821216638184,9.359356379897463,7.196540481266961,476.79016452831075,51.0306904761905,51.0306904761905,1764.0722653570754,35.156840249999995,8.942250084271748,0.0,1719.9731750228036,5.6620648187139615,5.095858336842565,0.0
0.365,0.4814555689018406,2.635803919044519,9.488894108560268,7.195497625458735,483.3891562169292,51.0306904761905,51.0306904761905,1764.0722653570754,35.156840249999995,9.191492622437538,0.0,1719.7239324846378,5.740430358649285,5.166387322784357,0.0
0.37,0.49472453221738144,2.6717814071718125,9.618413065818524,7.194440589488019,489.98719164096093,51.0306904761905,51.0306904761905,1764.0722653570754,35.156840249999995,9.444124219438994,0.0,1719.4713008876365,5.8187845425783875,5.2369060883205485,0.0
0.375,0.5081733697606091,2.7077536101192528,9.74791299642931,7.193369381710987,496.5842577976615,51.0306904761905,51.0306904761905,1764.0722653570754,35.156840249999995,9.700142878149618,0.0,1719.2152822289258,5.897127216088728,5.307414494479855,0.0
0.38,0.5218020549284768,2.7437204570278078,9.877393645300108,7.192284010594575,503.1803416919491,51.0306904761905,51.0306904761905,1764.0722653570754,35.156840249999995,9.959546574971943,0.0,1718.9558785321035,5.975458224858759,5.377912402372883,0.0
0.385,0.5356105607637481,2.7796818770807805,10.00685475749081,7.191184484716334,509.7754303365061,51.0306904761905,51.0306904761905,1764.0722653570754,35.156840249999995,10.222333259871471,0.0,1718.693091847204,6.053777414659136,5.448399673193222,0.0
0.39,0.549598859955211,2.815637799504362,10.136296078215704,7.190070812764286,516.3695107518797,51.0306904761905,51.0306904761905,1764.0722653570754,35.156840249999995,10.488500856411044,0.0,1718.4269242506643,6.132084631353916,5.518876168218524,0.0
0.395,0.5637669248378923,2.8515881535681835,10.265717352845462,7.188943003536777,522.962569966584,51.0306904761905,51.0306904761905,1764.0722653570754,35.156840249999995,10.758047261785642,0.0,1718.1573778452898,6.210379720901758,5.589341748811583,0.0
0.4,0.5781147273932774,2.8875328685858674,10.395118326909124,7.187801065942334,529.5545950172011,51.0306904761905,51.0306904761905,1764.0722653570754,35.156840249999995,11.030970346857611,0.0,1717.8844547602177,6.288662529357142,5.659796276421427,0.0
0.405,0.5926422392495311,2.923471873915579,10.524498746096086,7.186645008999511,536.1455729484817,51.0306904761905,51.0306904761905,1764.0722653570754,35.156840249999995,11.307267956192343,0.0,1717.608157150883,6.366932902871543,5.730239612584389,0.0
0.41000000000000003,0.6073494316817214,2.959405098960577,10.653858356258077,7.185474841836741,542.7354908134461,51.0306904761905,51.0306904761905,1764.0722653570754,35.156840249999995,11.58693790809436,0.0,1717.328487198981,6.445190687694648,5.800671618925183,0.0
0.41500000000000004,0.6222362756120472,2.9953324731697606,10.783196903411138,7.184290573692182,549.324335673485,51.0306904761905,51.0306904761905,1764.0722653570754,35.156840249999995,11.869977994643838,0.0,1717.0454471124315,6.523435730175543,5.87109215715799,0.0
0.42,0.6373027416100672,3.0312539260382216,10.912514133737599,7.1830922139135644,555.9120945984608,51.0306904761905,51.0306904761905,1764.0722653570754,35.156840249999995,12.156385981733582,0.0,1716.7590391253418,6.601667876763917,5.941501089087526,0.0
0.425,0.6525487998929322,3.0671693871077896,11.041809793588042,7.181879771958029,562.4987546668068,51.0306904761905,51.0306904761905,1764.0722653570754,35.156840249999995,12.446159609106381,0.0,1716.469265497969,6.679886974011247,6.011898276610124,0.0
0.43,0.6679744203256206,3.10307878596758,11.171083629483288,7.1806532573919775,569.0843029656285,51.0306904761905,51.0306904761905,1764.0722653570754,35.156840249999995,12.739296590392843,0.0,1716.1761285166826,6.758092868571989,6.08228358171479,0.0
0.435,0.683579572421176,3.1389820522545397,11.300335388116343,7.179412679890903,575.6687265908033,51.0306904761905,51.0306904761905,1764.0722653570754,35.156840249999995,13.03579461314961,0.0,1715.8796304939258,6.836285407204773,6.152656866484296,0.0
0.44,0.6993642253409472,3.174879115653994,11.429564816354379,7.178158049239236,582.2520126470811,51.0306904761905,51.0306904761905,1764.0722653570754,35.156840249999995,13.33565133889802,0.0,1715.5797737681773,6.914464436773592,6.223017993096233,0.0
0.445,0.7153283478948327,3.2107699059001904,11.558771661240685,7.176889375330177,588.8341482481833,51.0306904761905,51.0306904761905,1764.0722653570754,35.156840249999995,13.6388644031632,0.0,1715.2765607039123,6.992629804248978,6.293366823824081,0.0
0.45,0.7314719085415252,3.2466543527768414,11.68795566999663,7.17560666816553,595.4151205169032,51.0306904761905,51.0306904761905,1764.0722653570754,35.156840249999995,13.945431415513564,0.0,1714.9699936915617,7.070781356709199,6.363703221038279,0.0
0.455,0.7477948753887615,3.282532386117669,11.817116590023609,7.174309937855542,601.9949165852058,51.0306904761905,51.0306904761905,1764.0722653570754,35.156840249999995,14.255349959600727,0.0,1714.6600751474746,7.148918941341435,6.434027047207292,0.0
0.46,0.764297216193573,3.318403935806947,11.946254168905009,7.172999194618726,608.5735235943264,51.0306904761905,51.0306904761905,1764.0722653570754,35.156840249999995,14.568617593199864,0.0,1714.3468075138755,7.227042405442957,6.5043381648986625,0.0
0.465,0.7809788983625405,3.3542689317800405,12.075368154408146,7.171674448781695,615.1509286948705,51.0306904761905,51.0306904761905,1764.0722653570754,35.156840249999995,14.885231848250468,0.0,1714.030193258825,7.305151596422315,6.574636436780083,0.0
0.47000000000000003,0.7978398889520505,3.390127304023949,12.204458294486216,7.1703357107789865,621.7271190469124,51.0306904761905,51.0306904761905,1764.0722653570754,35.156840249999995,15.205190230897532,0.0,1713.7102348761778,7.383246361800495,6.644921725620446,0.0
0.47500000000000003,0.814880154668555,3.4259789825778437,12.333524337280238,7.168982991152897,628.3020818200955,51.0306904761905,51.0306904761905,1764.0722653570754,35.156840249999995,15.528490221533149,0.0,1713.3869348855424,7.461326549212127,6.715193894290914,0.0
0.48,0.8320996618688337,3.461823897533608,12.46256603112099,7.167616300553293,634.8758041937293,51.0306904761905,51.0306904761905,1764.0722653570754,35.156840249999995,15.855129274838514,0.0,1713.060295832237,7.539392006406629,6.785452805765967,0.0
0.485,0.8494983765602586,3.4976619790363745,12.591583124530949,7.166235649737444,641.4482733568891,51.0306904761905,51.0306904761905,1764.0722653570754,35.156840249999995,16.185104819826364,0.0,1712.730320287249,7.617442581249391,6.855698323124452,0.0
0.49,0.8670762644010622,3.533493157285062,12.720575366226223,7.164841049569839,648.0194765085143,51.0306904761905,51.0306904761905,1764.0722653570754,35.156840249999995,16.51841425988381,0.0,1712.3970108471915,7.695478121722944,6.925930309550649,0.0
0.495,0.8848332907006071,3.569317362532911,12.84954250511848,7.163432511022007,654.5894008575066,51.0306904761905,51.0306904761905,1764.0722653570754,35.156840249999995,16.85505497281558,0.0,1712.0603701342598,7.773498475928114,6.996148628335304,0.0
0.5,0.9027694204196595,3.605134525088021,12.978484290316876,7.162010045172334,661.1580336228283,51.0306904761905,51.0306904761905,1764.0722653570754,35.156840249999995,17.195024310887696,0.0,1711.7204007961877,7.851503492085222,7.066353142876699,0.0
0.505,0.9208846181706642,3.640944575313883,13.10740047112998,7.160573663205874,667.7253620336004,51.0306904761905,51.0306904761905,1764.0722653570754,35.156840249999995,17.538319600871542,0.0,1711.3771055062039,7.929493018535204,7.136543716681683,0.0
0.51,0.9391788482180237,3.676747443629912,13.236290797067683,7.159123376414172,674.2913733291997,51.0306904761905,51.0306904761905,1764.0722653570754,35.156840249999995,17.88493814408832,0.0,1711.0304869629872,8.00746690374081,7.206720213366728,0.0
0.515,0.9576520744783784,3.712543060511983,13.36515501784314,7.157659196195069,680.8560547593573,51.0306904761905,51.0306904761905,1764.0722653570754,35.156840249999995,18.234877216453967,0.0,1710.6805478906215,8.085424996287731,7.276882496658959,0.0
0.52,0.9763042605208908,3.7483313564929586,13.49399288337465,7.156181134052515,687.4193935842562,51.0306904761905,51.0306904761905,1764.0722653570754,35.156840249999995,18.58813406852442,0.0,1710.327291038551,8.163367144885791,7.347030430397213,0.0
0.525,0.9951353695675312,3.7841122621632213,13.622804143787597,7.154689201596377,693.9813770746274,51.0306904761905,51.0306904761905,1764.0722653570754,35.156840249999995,18.94470592554131,0.0,1709.9707191815342,8.241293198370075,7.417163878533067,0.0
0.53,1.0141453644933673,3.819885708171203,13.751588549416331,7.1531834105422485,700.5419925118482,51.0306904761905,51.0306904761905,1764.0722653570754,35.156840249999995,19.30458998747808,0.0,1709.6108351195974,8.319203005702088,7.487282705131879,0.0
0.535,1.0333342078268553,3.8556516252239144,13.880345850806092,7.151663772711251,707.1012271880384,51.0306904761905,51.0306904761905,1764.0722653570754,35.156840249999995,19.667783429086466,0.0,1709.247641677989,8.397096415970912,7.557386774373822,0.0
0.54,1.0527018617501336,3.8914099440874708,14.009075798714894,7.150130300029841,713.6590684061576,51.0306904761905,51.0306904761905,1764.0722653570754,35.156840249999995,20.034283399943394,0.0,1708.881141707132,8.474973278394364,7.627475950554928,0.0
0.545,1.0722482880993214,3.92716059558762,14.137778144115432,7.148583004529612,720.2155034801017,51.0306904761905,51.0306904761905,1764.0722653570754,35.156840249999995,20.40408702449827,0.0,1708.5113380825771,8.552833442320116,7.697550098088104,0.0
0.55,1.091973448364816,3.962903510610268,14.266452638196965,7.147021898347091,726.7705197347988,51.0306904761905,51.0306904761905,1764.0722653570754,35.156840249999995,20.777191402120707,0.0,1708.1382337049547,8.630676757226865,7.767609081504179,0.0
0.555,1.1118773036915968,3.9986386201020037,14.395099032367213,7.145446993723543,733.3241045063063,51.0306904761905,51.0306904761905,1764.0722653570754,35.156840249999995,21.153593607148572,0.0,1707.7618314999268,8.70850307272547,7.837652765452924,0.0
0.56,1.1319598148795282,4.034365855070622,14.523717078254238,7.143858303004766,739.8762451419058,51.0306904761905,51.0306904761905,1764.0722653570754,35.156840249999995,21.533290688936493,0.0,1707.382134418139,8.786312238560082,7.907681014704074,0.0
0.5650000000000001,1.152220942383669,4.070085146585646,14.652306527708324,7.142255838640882,746.4269290002001,51.0306904761905,51.0306904761905,1764.0722653570754,35.156840249999995,21.91627967190474,0.0,1706.9991454351707,8.86410410460929,7.97769369414836,0.0
0.5700000000000001,1.1726606463145803,4.10579642577885,14.780867132803861,7.140639613186138,752.9761434512084,51.0306904761905,51.0306904761905,1764.0722653570754,35.156840249999995,22.30255755558848,0.0,1706.612867551487,8.941878520887258,8.047690668798532,0.0
0.5750000000000001,1.1932788864386394,4.141499623844781,14.909398645841211,7.139009639298695,759.5238758764611,51.0306904761905,51.0306904761905,1764.0722653570754,35.156840249999995,22.692121314687448,0.0,1706.223303792388,9.019635337544862,8.117671803790376,0.0
0.58,1.2140756221783546,4.177194672041274,15.037900819348588,7.137365929740416,766.0701136690964,51.0306904761905,51.0306904761905,1764.0722653570754,35.156840249999995,23.084967899116002,0.0,1705.8304572079594,9.097374404870811,8.18763696438373,0.0
0.585,1.235050812612683,4.212881501689976,15.166373406083915,7.135708497376661,772.6148442339544,51.0306904761905,51.0306904761905,1764.0722653570754,35.156840249999995,23.48109423405354,0.0,1705.434330873022,9.17509557329278,8.2575860159635,0.0
0.59,1.25620441647735,4.24856004417686,15.294816159036696,7.134037355176067,779.1580549876725,51.0306904761905,51.0306904761905,1764.0722653570754,35.156840249999995,23.880497219995355,0.0,1705.0349278870801,9.252798693378555,8.327518824040698,0.0
0.595,1.277536392165174,4.2842302309527405,15.423228831429865,7.132352516210341,785.6997333587799,51.0306904761905,51.0306904761905,1764.0722653570754,35.156840249999995,24.2831737328038,0.0,1704.6322513742716,9.33048361583712,8.39743525425341,0.0
0.6,1.2990466977263901,4.319891993533792,15.551611176721652,7.13065399365404,792.2398667877915,51.0306904761905,51.0306904761905,1764.0722653570754,35.156840249999995,24.68912062375991,0.0,1704.2263044833155,9.408150191519812,8.467335172367832,0.0
0.605,1.3207352908689798,4.355545263502062,15.679962948607423,7.128941800784351,798.7784427273037,51.0306904761905,51.0306904761905,1764.0722653570754,35.156840249999995,25.098334719615373,0.0,1703.81709038746,9.485798271421434,8.537218444279292,0.0
0.61,1.3426021289589998,4.391189972505984,15.808283901021543,7.12721595098088,805.3154486420872,51.0306904761905,51.0306904761905,1764.0722653570754,35.156840249999995,25.510812822644887,0.0,1703.4046122844304,9.563427706681363,8.607084936013226,0.0
0.615,1.364647169020917,4.426826052260888,15.936573788139198,7.125476457725425,811.8508720091816,51.0306904761905,51.0306904761905,1764.0722653570754,35.156840249999995,25.926551710698877,0.0,1702.9888733963764,9.64103834858467,8.676934513726204,0.0
0.62,1.386870367737943,4.4624534345495155,16.064832364378255,7.1237233346017526,818.3847003179887,51.0306904761905,51.0306904761905,1764.0722653570754,35.156840249999995,26.34554813725662,0.0,1702.5698769698188,9.718630048563242,8.746767043706917,0.0
0.625,1.4092716814523731,4.4980720512225245,16.19305938440109,7.121956595295379,824.916921070366,51.0306904761905,51.0306904761905,1764.0722653570754,35.156840249999995,26.767798831479723,0.0,1702.1476262755957,9.79620265819687,8.816582392377184,0.0
0.63,1.431851066165927,4.533681834199001,16.321254603116405,7.120176253593345,831.4475217807202,51.0306904761905,51.0306904761905,1764.0722653570754,35.156840249999995,27.19330049826598,0.0,1701.7221246088095,9.873756029214384,8.886380426292947,0.0
0.635,1.4546084775400918,4.569282715466968,16.449417775681084,7.118382323383982,837.9764899761011,51.0306904761905,51.0306904761905,1764.0722653570754,35.156840249999995,27.62204981830364,0.0,1701.2933752887718,9.951290013494745,8.956161012145271,0.0
0.64,1.4775438708964688,4.604874627083888,16.577548657501996,7.116574818656693,844.5038131962924,51.0306904761905,51.0306904761905,1764.0722653570754,35.156840249999995,28.054043448125967,0.0,1700.8613816589495,10.028804463068138,9.025924016761325,0.0
0.645,1.5006572012171213,4.640457501177171,16.705647004237818,7.114753753501712,851.0294789939064,51.0306904761905,51.0306904761905,1764.0722653570754,35.156840249999995,28.489278020166243,0.0,1700.4261470869092,10.106299230117095,9.095669307105386,0.0
0.65,1.523948423144926,4.67603126994468,16.83371257180085,7.1129191421098845,857.5534749344753,51.0306904761905,51.0306904761905,1764.0722653570754,35.156840249999995,28.927750142813103,0.0,1699.9876749642624,10.183774166977571,9.165396750279815,0.0
0.655,1.5474174909839258,4.711595865655229,16.961745116358827,7.111070998772423,864.075788596544,51.0306904761905,51.0306904761905,1764.0722653570754,35.156840249999995,29.36945640046625,0.0,1699.545968706609,10.261229126140062,9.235106213526056,0.0
0.66,1.5710643586996864,4.747151220649092,17.08974439433673,7.1092093378806815,870.5964075717623,51.0306904761905,51.0306904761905,1764.0722653570754,35.156840249999995,29.81439335359254,0.0,1699.1010317534829,10.338663960250674,9.304797564225607,0.0
0.665,1.5948889799196553,4.782697267338495,17.217710162418584,7.107334173925912,877.115319464976,51.0306904761905,51.0306904761905,1764.0722653570754,35.156840249999995,30.262557538782403,0.0,1698.652867568293,10.416078522112239,9.374470669901015,0.0
0.67,1.6188913079335219,4.818233938208125,17.345642177549248,7.105445521499032,883.6325118943188,51.0306904761905,51.0306904761905,1764.0722653570754,35.156840249999995,30.713945468806656,0.0,1698.2014796382687,10.493472664685369,9.444125398216833,0.0
0.675,1.6430712956935813,4.8537611658156194,17.47354019693623,7.103543395290385,890.1479724913039,51.0306904761905,51.0306904761905,1764.0722653570754,35.156840249999995,31.168553632673678,0.0,1697.7468714744018,10.57084624108958,9.51376161698062,0.0
0.68,1.6674288958151005,4.8892788827920715,17.601403978051458,7.101627810089492,896.6616889009155,51.0306904761905,51.0306904761905,1764.0722653570754,35.156840249999995,31.62637849568691,0.0,1697.2890466113886,10.648199104604345,9.58337919414391,0.0
0.685,1.691964060576687,4.924787021842519,17.72923327863307,7.099698780784823,903.1736487816988,51.0306904761905,51.0306904761905,1764.0722653570754,35.156840249999995,32.08741649950276,0.0,1696.8280086075727,10.725531108670193,9.652977997803175,0.0
0.6900000000000001,1.7166767419206594,4.960285515746444,17.857027856687196,7.0977563223635425,909.6838398058516,51.0306904761905,51.0306904761905,1764.0722653570754,35.156840249999995,32.5516640621888,0.0,1696.3637610448866,10.802842106889775,9.722557896200799,0.0
0.6950000000000001,1.7415668914534213,4.9957742973582615,17.984787470489742,7.095800449911268,916.1922496593135,51.0306904761905,51.0306904761905,1764.0722653570754,35.156840249999995,33.019117578282405,0.0,1695.896307528793,10.880131953028936,9.792118757726042,0.0
0.7000000000000001,1.7666344604458364,5.031253299607818,18.112511878588144,7.093831178611824,922.6988660418588,51.0306904761905,51.0306904761905,1764.0722653570754,35.156840249999995,33.48977341884966,0.0,1695.4256516882258,10.957400501017807,9.861660450916027,0.0
0.705,1.7918793998336082,5.066722455500877,18.24020083980316,7.091848523746991,929.2036766671831,51.0306904761905,51.0306904761905,1764.0722653570754,35.156840249999995,33.96362793154466,0.0,1694.9517971755308,11.034647604951846,9.931182844456663,0.0
0.71,1.8173016602176593,5.102181698119613,18.367854113230607,7.089852500696261,935.7066692629962,51.0306904761905,51.0306904761905,1764.0722653570754,35.156840249999995,34.44067744066916,0.0,1694.4747476664063,11.111873119092929,10.000685807183636,0.0
0.715,1.842901191864516,5.137630960623094,18.495471458243138,7.087843124936581,942.2078315711098,51.0306904761905,51.0306904761905,1764.0722653570754,35.156840249999995,34.920918247232585,0.0,1693.9945068598429,11.189076897870404,10.070169208083364,0.0
0.72,1.868677944706693,5.173070176247776,18.623052634491994,7.085820412042105,948.7071513475273,51.0306904761905,51.0306904761905,1764.0722653570754,35.156840249999995,35.404346629012295,0.0,1693.5110784780632,11.266258795882147,10.13963291629393,0.0
0.725,1.8946318683430825,5.208499278307987,18.750597401908752,7.083784377683938,955.2046163625339,51.0306904761905,51.0306904761905,1764.0722653570754,35.156840249999995,35.89095884061437,0.0,1693.024466266461,11.343418667895634,10.20907680110607,0.0
0.73,1.9207629120393435,5.243918200196407,18.878105520707066,7.081735037629878,961.7002144007837,51.0306904761905,51.0306904761905,1764.0722653570754,35.156840249999995,36.38075111353454,0.0,1692.5346739935408,11.420556368848978,10.278500731964082,0.0
0.735,1.947071024728296,5.279326875384556,19.005576751384403,7.079672407744166,968.1939332613898,51.0306904761905,51.0306904761905,1764.0722653570754,35.156840249999995,36.873719656219585,0.0,1692.0417054508557,11.497671753852005,10.347904578466805,0.0
0.74,1.9735561550103158,5.314725237423277,19.133010854723796,7.077596503987223,974.6857607580123,51.0306904761905,51.0306904761905,1764.0722653570754,35.156840249999995,37.36986065412906,0.0,1691.5455644529463,11.574764678187282,10.417288210368556,0.0
0.745,2.0002182511537323,5.350113219943212,19.260407591795566,7.07550734241539,981.1756847189465,51.0306904761905,51.0306904761905,1764.0722653570754,35.156840249999995,37.86917026979732,0.0,1691.0462548372782,11.651834997311184,10.486651497580066,0.0
0.75,2.0270572610952287,5.385490756655289,19.387766723959043,7.0734049391806675,987.6636929872108,51.0306904761905,51.0306904761905,1764.0722653570754,35.156840249999995,38.37164464289587,0.0,1690.5437804641795,11.72888256685492,10.55599431016943,0.0
0.755,2.054073132440245,5.4208577813511925,19.515088012864293,7.071289310530457,994.1497734206343,51.0306904761905,51.0306904761905,1764.0722653570754,35.156840249999995,38.87727989029612,0.0,1690.0381452167792,11.805907242625588,10.62531651836303,0.0
0.76,2.0812658124633825,5.456214227903844,19.64237122045384,7.069160472807293,1000.6339138919449,51.0306904761905,51.0306904761905,1764.0722653570754,35.156840249999995,39.386072106132396,0.0,1689.529353000943,11.88290888060721,10.694617992546489,0.0
0.765,2.1086352481088118,5.49156003026788,19.76961610896437,7.067018442448577,1007.1161022888554,51.0306904761905,51.0306904761905,1764.0722653570754,35.156840249999995,39.898017361865314,0.0,1689.01740774521,11.959887336961765,10.763898603265588,0.0
0.77,2.1361813859906817,5.5268951224801235,19.896822440928446,7.0648632359863175,1013.5963265141518,51.0306904761905,51.0306904761905,1764.0722653570754,35.156840249999995,40.413111706345525,0.0,1688.50231340073,12.036842468030223,10.833158221227201,0.0
0.775,2.163904172393532,5.562219438660055,20.023989979176196,7.062694870046853,1020.074574485779,51.0306904761905,51.0306904761905,1764.0722653570754,35.156840249999995,40.931351165877686,0.0,1687.9840739411977,12.113774130333583,10.902396717300224,0.0
0.78,2.191803553272708,5.597532913010289,20.151118486837042,7.060513361350588,1026.5508341369277,51.0306904761905,51.0306904761905,1764.0722653570754,35.156840249999995,41.452731744284854,0.0,1687.4626933627906,12.190682180573885,10.971613962516498,0.0
0.785,2.219879474254776,5.632835479817042,20.278207727341353,7.0583187267117244,1033.025093416121,51.0306904761905,51.0306904761905,1764.0722653570754,35.156840249999995,41.97724942297316,0.0,1686.9381756841021,12.267566475635254,11.04080982807173,0.0
0.79,2.248131880637945,5.6681270734506,20.405257464422164,7.056110983037986,1039.4973402873,51.0306904761905,51.0306904761905,1764.0722653570754,35.156840249999995,42.50490016099679,0.0,1686.4105249460786,12.3444268725849,11.109984185326411,0.0
0.795,2.276560717392486,5.70340762836579,20.532267462116845,7.0538901473303435,1045.9675627299089,51.0306904761905,51.0306904761905,1764.0722653570754,35.156840249999995,43.03567989512334,0.0,1685.879745211952,12.421263228674151,11.179136905806738,0.0
0.8,2.305165929161157,5.738677079102442,20.65923748476879,7.051656236682745,1052.4357487389825,51.0306904761905,51.0306904761905,1764.0722653570754,35.156840249999995,43.56958453989942,0.0,1685.345840567176,12.49807540133947,11.248267861205525,0.0
0.805,2.3339474602596275,5.773935360285856,20.78616729702908,7.049409268281836,1058.9018863252288,51.0306904761905,51.0306904761905,1764.0722653570754,35.156840249999995,44.10660998771663,0.0,1684.8088151193588,12.574863248203444,11.317376923383101,0.0
0.81,2.3629052546769103,5.809182406627265,20.913056663858153,7.047149259406685,1065.3659635151166,51.0306904761905,51.0306904761905,1764.0722653570754,35.156840249999995,44.64675210887783,0.0,1684.2686729981976,12.651626627075835,11.386463964368252,0.0
0.8150000000000001,2.392039256075789,5.844418152924298,21.039905350527473,7.0448762274285,1071.8279683509586,51.0306904761905,51.0306904761905,1764.0722653570754,35.156840249999995,45.190006751663695,0.0,1683.7254183554116,12.728365395954542,11.45552885635909,0.0
0.8200000000000001,2.421349407793253,5.879642534061441,21.16671312262119,7.042590189810358,1078.287888890996,51.0306904761905,51.0306904761905,1764.0722653570754,35.156840249999995,45.736369742399695,0.0,1683.1790553646756,12.805079413026643,11.52457147172398,0.0
0.8250000000000001,2.450835652840933,5.914855485010492,21.29347974603777,7.040291164106913,1084.7457132094835,51.0306904761905,51.0306904761905,1764.0722653570754,35.156840249999995,46.28583688552317,0.0,1682.6295882215522,12.88176853666936,11.593591683002426,0.0
0.8300000000000001,2.4804979339055366,5.950056940831027,21.4202049869917,7.037979167964119,1091.2014293967725,51.0306904761905,51.0306904761905,1764.0722653570754,35.156840249999995,46.83840396365095,0.0,1682.0770211434244,12.958432625451085,11.662589362905978,0.0
0.835,2.5103361933492914,5.985246836670848,21.546888612015053,7.035654219118947,1097.6550255593957,51.0306904761905,51.0306904761905,1764.0722653570754,35.156840249999995,47.394066737647115,0.0,1681.5213583694283,13.03507153813236,11.731564384319125,0.0
0.84,2.5403503732103845,6.020425107766443,21.673530387959197,7.033316335399097,1104.1064898201494,51.0306904761905,51.0306904761905,1764.0722653570754,35.156840249999995,47.95282094669113,0.0,1680.9626041603842,13.11168513366687,11.800516620300183,0.0
0.845,2.5705404152034093,6.055591689443439,21.800130081996382,7.030965534722716,1110.5558103181775,51.0306904761905,51.0306904761905,1764.0722653570754,35.156840249999995,48.514662308346274,0.0,1680.4007627987291,13.188273271202426,11.869445944082186,0.0
0.85,2.6009062607198103,6.0907465171170525,21.92668746162139,7.028601835098105,1117.0029752090543,51.0306904761905,51.0306904761905,1764.0722653570754,35.156840249999995,49.07958651862835,0.0,1679.8358385884471,13.26483581008197,11.938352229073773,0.0
0.855,2.631447850828334,6.125889526292543,22.053202294653154,7.026225254623434,1123.4479726648674,51.0306904761905,51.0306904761905,1764.0722653570754,35.156840249999995,49.64758925207471,0.0,1679.2678358550006,13.341372609844527,12.007235348860073,0.0
0.86,2.6621651262754797,6.16102065256566,22.179674349236375,7.0238358114864505,1129.8907908742995,51.0306904761905,51.0306904761905,1764.0722653570754,35.156840249999995,50.2186661618136,0.0,1678.6967589452618,13.41788353022621,12.076095177203587,0.0
0.865,2.693058027485952,6.196139831623092,22.30610339384313,7.021433523964191,1136.3314180427108,51.0306904761905,51.0306904761905,1764.0722653570754,35.156840249999995,50.792812879633715,0.0,1678.1226122274418,13.494368431161176,12.14493158804506,0.0
0.87,2.7241264945631167,6.231246999242913,22.43248919727449,7.019018410422683,1142.7698423922216,51.0306904761905,51.0306904761905,1764.0722653570754,35.156840249999995,51.37002501605414,0.0,1677.5454000910213,13.57082717278262,12.213744455504358,0.0
0.875,2.755370467289462,6.2663420912950265,22.558831528662097,7.016590489316656,1149.206052161792,51.0306904761905,51.0306904761905,1764.0722653570754,35.156840249999995,51.95029816039457,0.0,1676.9651269466808,13.647259615423716,12.282533653881345,0.0
0.88,2.7867898851270536,6.3014250437416095,22.685130157469796,7.014149779189246,1155.6400356073057,51.0306904761905,51.0306904761905,1764.0722653570754,35.156840249999995,52.533627880845685,0.0,1676.3817972262298,13.723665619618604,12.351299057656743,0.0
0.885,2.8183846872180016,6.336495792637556,22.811384853495202,7.011696298671696,1162.071781001649,51.0306904761905,51.0306904761905,1764.0722653570754,35.156840249999995,53.12000972454009,0.0,1675.7954153825353,13.800045046103344,12.42004054149301,0.0
0.89,2.8501548123849227,6.371554274130914,22.93759538687129,7.009230066483064,1168.5012766347936,51.0306904761905,51.0306904761905,1764.0722653570754,35.156840249999995,53.7094392176232,0.0,1675.2059858894522,13.876397755816885,12.488757980235198,0.0
0.895,2.882100199131408,6.4066004244633294,23.063761528067985,7.006751101429919,1174.9285108138745,51.0306904761905,51.0306904761905,1764.0722653570754,35.156840249999995,54.3019118653247,0.0,1674.6135132417508,13.952723609902009,12.557451248911807,0.0
0.9,2.9142207856424927,6.441634179970479,23.189883047893726,7.004259422406047,1181.3534718632718,51.0306904761905,51.0306904761905,1764.0722653570754,35.156840249999995,54.8974231520301,0.0,1674.0180019550453,14.029022469706279,12.626120222735652,0.0
0.905,2.946516509785125,6.4766554770825095,23.315959717497034,7.001755048392146,1187.7761481246928,51.0306904761905,51.0306904761905,1764.0722653570754,35.156840249999995,55.49596854135266,0.0,1673.4194565657228,14.105294196783026,12.694764777104725,0.0
0.91,2.9789873091086427,6.51166425232447,23.441991308368095,6.999237998455523,1194.1965279572466,51.0306904761905,51.0306904761905,1764.0722653570754,35.156840249999995,56.09754347620553,0.0,1672.8178816308698,14.181538652892241,12.763384787603018,0.0
0.915,3.011633120845246,6.546660442316748,23.56797759234029,6.996708291749795,1200.6145997375277,51.0306904761905,51.0306904761905,1764.0722653570754,35.156840249999995,56.70214337887427,0.0,1672.213281728201,14.257755700001551,12.831980130001396,0.0
0.92,3.0444538819104765,6.581643983775497,23.69391834159179,6.994165947514586,1207.0303518596943,51.0306904761905,51.0306904761905,1764.0722653570754,35.156840249999995,57.30976365108952,0.0,1671.605661455986,14.333945200287168,12.900550680258451,0.0
0.925,3.077449528903698,6.6166148135130705,23.819813328647054,6.99161098507521,1213.443772735546,51.0306904761905,51.0306904761905,1764.0722653570754,35.156840249999995,57.9203996741,0.0,1670.9950254329754,14.410107016134795,12.969096314521316,0.0
0.93,3.1106199981085765,6.651572868438446,23.945662326378407,6.989043423842383,1219.8548507946027,51.0306904761905,51.0306904761905,1764.0722653570754,35.156840249999995,58.53404680874577,0.0,1670.3813782983295,14.48624101014058,13.037616909126521,0.0
0.935,3.143965225493567,6.686518085557658,24.07146510800757,6.986463283311897,1226.2635744841848,51.0306904761905,51.0306904761905,1764.0722653570754,35.156840249999995,59.15070039553181,0.0,1669.7647247115435,14.562347045112043,13.10611234060084,0.0
0.9400000000000001,3.177485146712397,6.721450401974217,24.197221447107182,6.983870583064325,1232.6699322694878,51.0306904761905,51.0306904761905,1764.0722653570754,35.156840249999995,59.77035575470176,0.0,1669.1450693523736,14.63842498406899,13.174582485662091,0.0
0.9450000000000001,3.2111796971045563,6.756369754889539,24.32293111760234,6.981265342764701,1239.0739126336634,51.0306904761905,51.0306904761905,1764.0722653570754,35.156840249999995,60.393008186312045,0.0,1668.5224169207634,14.714474690244463,13.243027221220018,0.0
0.9500000000000001,3.245048811695789,6.791276081603362,24.448593893772106,6.978647582162214,1245.475504077895,51.0306904761905,51.0306904761905,1764.0722653570754,35.156840249999995,61.01865297030612,0.0,1667.8967721367692,14.790496027085636,13.311446424377072,0.0
0.9550000000000001,3.279092425198583,6.8261693195141735,24.574209550251027,6.976017321089901,1251.8746951214753,51.0306904761905,51.0306904761905,1764.0722653570754,35.156840249999995,61.64728536658914,0.0,1667.2681397404863,14.866488858254732,13.37983997242926,0.0
0.96,3.3133104720126676,6.861049406119623,24.699777862030643,6.973374579464321,1258.271474301883,51.0306904761905,51.0306904761905,1764.0722653570754,35.156840249999995,62.278900615102685,0.0,1666.6365244919728,14.942453047629948,13.448207742866952,0.0
0.965,3.347702886225509,6.895916279016944,24.825298604461,6.970719377285253,1264.6658301748607,51.0306904761905,51.0306904761905,1764.0722653570754,35.156840249999995,62.913493935900014,0.0,1666.0019311711753,15.018388459306363,13.516549613375728,0.0
0.97,3.3822696016128098,6.930769875903371,24.950771553252135,6.968051734635373,1271.0577513144885,51.0306904761905,51.0306904761905,1764.0722653570754,35.156840249999995,63.55106052922129,0.0,1665.364364577854,15.094294957596833,13.58486546183715,0.0
0.975,3.41701055163901,6.965610134576548,25.076196484475574,6.965371671679942,1277.4472263132632,51.0306904761905,51.0306904761905,1764.0722653570754,35.156840249999995,64.19159557556922,0.0,1664.7238295315062,15.170172407032906,13.653155166329617,0.0
0.98,3.451925669457789,7.000436992934947,25.201573174565812,6.962679208666487,1283.834243782171,51.0306904761905,51.0306904761905,1764.0722653570754,35.156840249999995,64.83509423578491,0.0,1664.0803308712905,15.24602067236571,13.72141860512914,0.0
0.985,3.4870148879125717,7.035250388978279,25.326901400321805,6.9599743659244835,1290.2187923507656,51.0306904761905,51.0306904761905,1764.0722653570754,35.156840249999995,65.48155165112398,0.0,1663.4338734559515,15.321839618566862,13.789655656710176,0.0
0.99,3.5222781395370375,7.070050260807902,25.452180938908448,6.957257163865032,1296.600860667242,51.0306904761905,51.0306904761905,1764.0722653570754,35.156840249999995,66.13096294333289,0.0,1662.7844621637425,15.397629110829351,13.857866199746416,0.0
0.995,3.5577153565556254,7.104836546627227,25.577411567858018,6.954527622980544,1302.9804373985112,51.0306904761905,51.0306904761905,1764.0722653570754,35.156840249999995,66.78332321472553,0.0,1662.13210189235,15.473389014568435,13.926050113111591,0.0
1.0,3.593326470884049,7.139609184742129,25.702593065071667,6.951785763844416,1309.3575112302751,51.0306904761905,51.0306904761905,1764.0722653570754,35.156840249999995,67.43862754826007,0.0,1661.4767975588154,15.549119195422506,13.994207275880255,0.0
1.0050000000000001,3.6291114141298078,7.174368113561352,25.827725208820866,6.949031607110708,1315.732070867101,51.0306904761905,51.0306904761905,1764.0722653570754,35.156840249999995,68.096871007616,0.0,1660.8185540994593,15.624819519254,14.062337567328601,0.0
1.01,3.665070117592703,7.209113271596905,25.95280777774886,6.946265173513824,1322.1041050324943,51.0306904761905,51.0306904761905,1764.0722653570754,35.156840249999995,68.75804863727146,0.0,1660.157376469804,15.700489852150259,14.130440866935233,0.0
1.0150000000000001,3.7012025122653567,7.2438445974644745,26.077840550872107,6.9434864838681785,1328.473602468975,51.0306904761905,51.0306904761905,1764.0722653570754,35.156840249999995,69.42215546258078,0.0,1659.4932696444946,15.776130060424403,14.198517054381965,0.0
1.02,3.7375085288337275,7.278562029883815,26.202823307581735,6.94069555906788,1334.8405519381474,51.0306904761905,51.0306904761905,1764.0722653570754,35.156840249999995,70.08918648985225,0.0,1658.8262386172232,15.851740010616215,14.266566009554593,0.0
1.025,3.7739880976776345,7.313265507679155,26.32775582764496,6.937892420086398,1341.2049422207763,51.0306904761905,51.0306904761905,1764.0722653570754,35.156840249999995,70.75913670642616,0.0,1658.1562884006491,15.927319569492996,14.334587612543697,0.0
1.03,3.810641148871281,7.347954969779587,26.452637891206514,6.935077087976245,1347.566762116858,51.0306904761905,51.0306904761905,1764.0722653570754,35.156840249999995,71.43200108075298,0.0,1657.4834240263224,16.00286860405044,14.402581743645396,0.0
1.035,3.8474676121837783,7.382630355219468,26.577469278790083,6.932249583868634,1353.9260004456928,51.0306904761905,51.0306904761905,1764.0722653570754,35.156840249999995,72.10777456247189,0.0,1656.8076505446036,16.078386981513475,14.47054828336213,0.0
1.04,3.884467417079674,7.417291603138811,26.702249771299723,6.929409928973163,1360.2826460459582,51.0306904761905,51.0306904761905,1764.0722653570754,35.156840249999995,72.78645208248943,0.0,1656.128973024586,16.153874569337155,14.53848711240344,0.0
1.045,3.9216404927194803,7.451938652783677,26.826979150021238,6.926558144577476,1366.6366877757805,51.0306904761905,51.0306904761905,1764.0722653570754,35.156840249999995,73.4680285530584,0.0,1655.447396554017,16.22933123520747,14.606398111686726,0.0
1.05,3.958986767960206,7.4865714435065644,26.951657196623632,6.923694252046939,1372.9881145128054,51.0306904761905,51.0306904761905,1764.0722653570754,35.156840249999995,74.15249886785709,0.0,1654.7629262392184,16.304756847042242,14.674281162338017,0.0
1.055,3.9965061713558896,7.521189914766799,27.076283693160477,6.920818272824296,1379.33691515427,51.0306904761905,51.0306904761905,1764.0722653570754,35.156840249999995,74.83985790206852,0.0,1654.0755672050068,16.38015127299192,14.74213614569273,0.0
1.06,4.034198631158134,7.55579400613092,27.200858422071313,6.917930228429353,1385.683078617074,51.0306904761905,51.0306904761905,1764.0722653570754,35.156840249999995,75.53010051246005,0.0,1653.3853245946154,16.455514381440477,14.809962943296428,0.0
1.065,4.072064075316644,7.590383657273067,27.325381166183043,6.915030140458628,1392.02659383785,51.0306904761905,51.0306904761905,1764.0722653570754,35.156840249999995,76.22322153746325,0.0,1652.692203569612,16.5308460410062,14.87776143690558,0.0
1.07,4.110102431479765,7.624958807975361,27.4498517087113,6.912118030585028,1398.367449773034,51.0306904761905,51.0306904761905,1764.0722653570754,35.156840249999995,76.91921579725373,0.0,1651.9962093098218,16.606146120542565,14.94553150848831,0.0
1.075,4.148313626995025,7.659519398128286,27.57426983326183,6.909193920557505,1404.7056353989353,51.0306904761905,51.0306904761905,1764.0722653570754,35.156840249999995,77.61807809383153,0.0,1651.2973470132438,16.681414489139048,15.013273040225142,0.0
1.08,4.186697588909674,7.694065367731074,27.69863532383187,6.906257832200727,1411.0411397118057,51.0306904761905,51.0306904761905,1764.0722653570754,35.156840249999995,78.31980321110144,0.0,1650.5956218959739,16.75665101612195,15.080985914509753,0.0
1.085,4.225254243971231,7.728596656892078,27.822947964811483,6.903309787414735,1417.3739517279105,51.0306904761905,51.0306904761905,1764.0722653570754,35.156840249999995,79.02438591495365,0.0,1649.8910391921218,16.831855571055222,15.1486700139497,0.0
1.09,4.263983518628034,7.763113205829152,27.947207540984948,6.900349808174606,1423.7040604835952,51.0306904761905,51.0306904761905,1764.0722653570754,35.156840249999995,79.7318209533446,0.0,1649.1836041537308,16.907028023741308,15.216325221367176,0.0
1.095,4.302885339029783,7.797614954870025,28.07141383753209,6.8973779165301154,1430.0314550353576,51.0306904761905,51.0306904761905,1764.0722653570754,35.156840249999995,80.44210305637795,0.0,1648.4733220506976,16.982168244221942,15.283951419799749,0.0
1.1,4.3419596310280895,7.8321018444526755,28.195566640029632,6.894394134605395,1436.356124459913,51.0306904761905,51.0306904761905,1764.0722653570754,35.156840249999995,81.15522693638592,0.0,1647.7601981706896,17.057276102778964,15.351548492501069,0.0
1.105,4.381206320177036,7.866573815125703,28.31966573445253,6.891398484598597,1442.6780578542641,51.0306904761905,51.0306904761905,1764.0722653570754,35.156840249999995,81.87118728801065,0.0,1647.0442378190648,17.13235146993512,15.41911632294161,0.0
1.11,4.420625331733722,7.901030807548696,28.443710907175305,6.888390988781547,1448.9972443357688,51.0306904761905,51.0306904761905,1764.0722653570754,35.156840249999995,82.58997878828585,0.0,1646.3254463187895,17.2073942164549,15.48665479480941,0.0
1.115,4.460216590658825,7.935472762492604,28.567701944973376,6.885371669499401,1455.313673042208,51.0306904761905,51.0306904761905,1764.0722653570754,35.156840249999995,83.31159609671863,0.0,1645.6038290103568,17.282404213345306,15.554163792010772,0.0
1.12,4.499980021617157,7.969899620840101,28.691638635024365,6.882340549170309,1461.6273331318507,51.0306904761905,51.0306904761905,1764.0722653570754,35.156840249999995,84.03603385537149,0.0,1644.879391251704,17.357381331856654,15.621643198670988,0.0
1.125,4.539915548978223,8.004311323585952,28.81552076490943,6.879297650285066,1467.9382137835253,51.0306904761905,51.0306904761905,1764.0722653570754,35.156840249999995,84.76328668894458,0.0,1644.1521384181308,17.432325443483407,15.689092899135067,0.0
1.1300000000000001,4.580023096816781,8.038707811837378,28.93934812261456,6.876242995406767,1474.2463041966805,51.0306904761905,51.0306904761905,1764.0722653570754,35.156840249999995,85.49334920485808,0.0,1643.4220759022173,17.50723641996491,15.756512777968423,0.0
1.135,4.62030258891341,8.073089026814412,29.063120496531884,6.873176607170463,1480.5515935914568,51.0306904761905,51.0306904761905,1764.0722653570754,35.156840249999995,86.22621599333468,0.0,1642.6892091137406,17.58211413328623,15.823902719957607,0.0
1.1400000000000001,4.660753948755072,8.107454909850263,29.18683767546095,6.8700985082828145,1486.8540712087492,51.0306904761905,51.0306904761905,1764.0722653570754,35.156840249999995,86.96188162748255,0.0,1641.9535434795928,17.656958455678883,15.891262610110994,0.0
1.145,4.701377099535677,8.141805402391677,29.310499448610038,6.867008721521747,1493.1537263102748,51.0306904761905,51.0306904761905,1764.0722653570754,35.156840249999995,87.70034066337811,0.0,1641.2150844436974,17.73176925962168,15.958592333659512,0.0
1.1500000000000001,4.742171964156655,8.176140445999286,29.43410560559743,6.863907269736092,1499.4505481786368,51.0306904761905,51.0306904761905,1764.0722653570754,35.156840249999995,88.44158764014925,0.0,1640.4738374669262,17.80654641784144,16.025891776057296,0.0
1.155,4.783138465227523,8.210459982347967,29.55765593645268,6.860794175845259,1505.7445261173898,51.0306904761905,51.0306904761905,1764.0722653570754,35.156840249999995,89.18561708005855,0.0,1639.7298080270168,17.881289803313813,16.09316082298243,0.0
1.16,4.824276525066461,8.244763953227192,29.68115023161789,6.857669462838864,1512.0356494511052,51.0306904761905,51.0306904761905,1764.0722653570754,35.156840249999995,89.9324234885868,0.0,1638.9830016184885,17.95599928926401,16.16039936033761,0.0
1.165,4.8655860657008825,8.279052300541386,29.804588281948988,6.854533153776396,1518.3239075254346,51.0306904761905,51.0306904761905,1764.0722653570754,35.156840249999995,90.68200135451677,0.0,1638.2334237525586,18.030674749167588,16.227607274250833,0.0
1.17,4.907067008868012,8.313324966310267,29.92796987871696,6.851385271786856,1524.609289707175,51.0306904761905,51.0306904761905,1764.0722653570754,35.156840249999995,91.43434515001685,0.0,1637.4810799570585,18.105316056751214,16.294784451076094,0.0
1.175,4.948719276015461,8.3475818926692,30.051294813609122,6.848225840068411,1530.8917853843318,51.0306904761905,51.0306904761905,1764.0722653570754,35.156840249999995,92.18944933072515,0.0,1636.7259757763502,18.179923085993405,16.361930777394065,0.0
1.18,4.990542788301807,8.381823021869543,30.174562878730356,6.845054881888041,1537.1713839661827,51.0306904761905,51.0306904761905,1764.0722653570754,35.156840249999995,92.94730833583364,0.0,1635.9681167712417,18.254495711125298,16.42904614001277,0.0
1.185,5.032537466597178,8.416048296278984,30.29777386660434,6.8418724205811845,1543.4480748833394,51.0306904761905,51.0306904761905,1764.0722653570754,35.156840249999995,93.70791658817241,0.0,1635.207508518903,18.329033806631383,16.496130425968243,0.0
1.19,5.074703231483831,8.45025765838189,30.420927570174804,6.838678479551386,1549.7218475878117,51.0306904761905,51.0306904761905,1764.0722653570754,35.156840249999995,94.47126849429426,0.0,1634.4441566127812,18.403537247250267,16.56318352252524,0.0
1.195,5.117040003256735,8.484451050779647,30.54402378280673,6.835473082269942,1555.992691553071,51.0306904761905,51.0306904761905,1764.0722653570754,35.156840249999995,95.23735844455936,0.0,1633.6780666625161,18.478005907975394,16.630205317177857,0.0
1.2,5.159547701924161,8.518628416190996,30.667062298287586,6.8322562522755454,1562.2605962741084,51.0306904761905,51.0306904761905,1764.0722653570754,35.156840249999995,96.00618081321988,0.0,1632.9092442938554,18.5524396640558,16.697195697650223,0.0
1.205,5.20222624720827,8.552789697452374,30.790042910828546,6.829028013173934,1568.5255512675033,51.0306904761905,51.0306904761905,1764.0722653570754,35.156840249999995,96.7777299585052,0.0,1632.1376951485702,18.62683839099687,16.76415455189718,0.0
1.21,5.245075558545697,8.586934837518244,30.91296541506568,6.825788388637525,1574.7875460714768,51.0306904761905,51.0306904761905,1764.0722653570754,35.156840249999995,97.55200022270687,0.0,1631.3634248843684,18.701201964560983,16.831081768104887,0.0
1.215,5.288095555088145,8.621063779461432,31.035829606061156,6.82253740240507,1581.046570245959,51.0306904761905,51.0306904761905,1764.0722653570754,35.156840249999995,98.32898593226383,0.0,1630.5864391748116,18.77553026076835,16.897977234691513,0.0
1.22,5.3312861557029825,8.655176466473456,31.158635279304445,6.8192750782812865,1587.3026133726464,51.0306904761905,51.0306904761905,1764.0722653570754,35.156840249999995,99.10868139784803,0.0,1629.8067437092275,18.849823155897624,16.964840840307865,0.0
1.225,5.374647278973828,8.689272841864863,31.281382230713508,6.8160014401365085,1593.5556650550652,51.0306904761905,51.0306904761905,1764.0722653570754,35.156840249999995,99.89108091444987,0.0,1629.0243441926254,18.924080526486737,17.031672473838064,0.0
1.23,5.418178843201154,8.723352849065545,31.404070256635965,6.812716511906324,1599.8057149186293,51.0306904761905,51.0306904761905,1764.0722653570754,35.156840249999995,100.67617876146385,0.0,1628.2392463456115,18.99830224933353,17.098472024400177,0.0
1.235,5.461880766402881,8.757416431625076,31.526699153850274,6.809420317591218,1606.052752610699,51.0306904761905,51.0306904761905,1764.0722653570754,35.156840249999995,101.46396920277458,0.0,1627.451455904301,19.072488201496444,17.1652393813468,0.0
1.24,5.505752966314976,8.791463533213033,31.64926871956692,6.806112881256204,1612.2967678006453,51.0306904761905,51.0306904761905,1764.0722653570754,35.156840249999995,102.2544464868427,0.0,1626.6609786202328,19.146638260295344,17.231974434265812,0.0
1.245,5.549795360392056,8.825494097619314,31.771778751429533,6.802794227030478,1618.5377501799046,51.0306904761905,51.0306904761905,1764.0722653570754,35.156840249999995,103.04760484679096,0.0,1625.8678202602844,19.220752303312103,17.298677072980894,0.0
1.25,5.594007865807991,8.859508068754467,31.89422904751608,6.799464379107049,1624.7756894620375,51.0306904761905,51.0306904761905,1764.0722653570754,35.156840249999995,103.84343850049063,0.0,1625.0719866065847,19.294830208391332,17.3653471875522,0.0
1.2550000000000001,5.638390399456503,8.893505390650002,32.01661940634001,6.796123361742374,1631.010575382791,51.0306904761905,51.0306904761905,1764.0722653570754,35.156840249999995,104.64194165064782,0.0,1624.2734834564276,19.36887185364112,17.43198466827701,0.0
1.26,5.682942877951774,8.927486007458715,32.13894962685137,6.792771199256006,1637.2423977001542,51.0306904761905,51.0306904761905,1764.0722653570754,35.156840249999995,105.44310848489002,0.0,1623.4723166221854,19.44287711743369,17.49858940569032,0.0
1.2650000000000001,5.727665217629059,8.961449863454995,32.26121950843798,6.78940791603022,1643.4711461944148,51.0306904761905,51.0306904761905,1764.0722653570754,35.156840249999995,106.2469331758528,0.0,1622.6684919312227,19.516845878406052,17.56516129056545,0.0
1.27,5.772557334545284,8.995396903035145,32.38342885092652,6.7860335365096605,1649.6968106682198,51.0306904761905,51.0306904761905,1764.0722653570754,35.156840249999995,107.05340988126665,0.0,1621.8620152258088,19.59077801546077,17.631700213914694,0.0
1.2750000000000001,5.817619144479665,9.029327070717693,32.505577454583694,6.782648085200969,1655.919380946631,51.0306904761905,51.0306904761905,1764.0722653570754,35.156840249999995,107.86253274404385,0.0,1621.0528923630316,19.664673407766575,17.69820606698992,0.0
1.28,5.862850562934319,9.063240311143698,32.627665120117314,6.7792515866724266,1662.1388468771813,51.0306904761905,51.0306904761905,1764.0722653570754,35.156840249999995,108.67429589236556,0.0,1620.2411292147099,19.73853193475905,17.764678741283145,0.0
1.285,5.908251505134871,9.09713656907706,32.74969164867742,6.775844065553584,1668.3551983299324,51.0306904761905,51.0306904761905,1764.0722653570754,35.156840249999995,109.48869343976898,0.0,1619.4267316673065,19.812353476141308,17.831118128527176,0.0
1.29,5.953821886031075,9.131015789404827,32.87165684185738,6.772425546534898,1674.5684251975304,51.0306904761905,51.0306904761905,1764.0722653570754,35.156840249999995,110.30571948523463,0.0,1618.6097056218407,19.88613791188469,17.89752412069622,0.0
1.295,5.99956162029743,9.164877917137503,32.99356050169501,6.768996054367371,1680.7785173952611,51.0306904761905,51.0306904761905,1764.0722653570754,35.156840249999995,111.12536811327384,0.0,1617.7900569938015,19.959885122229363,17.96389661000643,0.0
1.3,6.045470622333798,9.19872289740934,33.115402430673626,6.765555613862173,1686.985464861108,51.0306904761905,51.0306904761905,1764.0722653570754,35.156840249999995,111.94763339401618,0.0,1616.9677917130593,20.033594987685053,18.030235488916546,0.0
1.305,6.091548806266017,9.23255067547865,33.23718243172314,6.762104249890286,1693.1892575558034,51.0306904761905,51.0306904761905,1764.0722653570754,35.156840249999995,112.77250938329713,0.0,1616.1429157237783,20.107267389031627,18.096540650128464,0.0
1.31,6.137796085946534,9.266361196728102,33.358900308221166,6.7586419873821315,1699.3898854628867,51.0306904761905,51.0306904761905,1764.0722653570754,35.156840249999995,113.599990122746,0.0,1615.3154349843294,20.180902207319807,18.162811986587826,0.0
1.315,6.184212374955017,9.300154406665012,33.48055586399404,6.755168851327205,1705.5873385887573,51.0306904761905,51.0306904761905,1764.0722653570754,35.156840249999995,114.43006963987348,0.0,1614.485355467202,20.25449932387177,18.229049391484594,0.0
1.32,6.2307975865989835,9.333930250921648,33.60214890331793,6.751684866773704,1711.7816069627297,51.0306904761905,51.0306904761905,1764.0722653570754,35.156840249999995,115.26274194815996,0.0,1613.6526831589154,20.328058620281837,18.295252758253653,0.0
1.325,6.277551633914427,9.367688675255517,33.72367923091986,6.748190058828168,1717.972680637086,51.0306904761905,51.0306904761905,1764.0722653570754,35.156840249999995,116.09800104714333,0.0,1612.8174240599321,20.40157997841706,18.361421980575354,0.0
1.33,6.324474429666439,9.401429625549657,33.845146651978766,6.744684452655096,1724.1605496871305,51.0306904761905,51.0306904761905,1764.0722653570754,35.156840249999995,116.93584092250734,0.0,1611.979584184568,20.4750632804179,18.42755695237611,0.0
1.335,6.371565886349845,9.435153047812932,33.966550972126555,6.741168073476593,1730.3452042112426,51.0306904761905,51.0306904761905,1764.0722653570754,35.156840249999995,117.77625554616979,0.0,1611.1391695609057,20.54850840869885,18.493657567828965,0.0
1.34,6.418825916189828,9.468858888180314,34.087891997449134,6.737640946571985,1736.52663433093,51.0306904761905,51.0306904761905,1764.0722653570754,35.156840249999995,118.61923887637099,0.0,1610.2961862307045,20.62191524594904,18.55972372135414,0.0
1.345,6.466254431142562,9.502547092913174,34.20916953448743,6.734103097277461,1742.7048301908799,51.0306904761905,51.0306904761905,1764.0722653570754,35.156840249999995,119.46478485776214,0.0,1609.4506402493132,20.69528367513288,18.625755307619592,0.0
1.35,6.513851342895844,9.53621760839956,34.33038339023842,6.730554550985696,1748.879781959012,51.0306904761905,51.0306904761905,1764.0722653570754,35.156840249999995,120.31288742149404,0.0,1608.6025376855814,20.76861357949067,18.691752221541602,0.0
1.355,6.5616165628697285,9.56987038115449,34.45153337215616,6.72699533314548,1755.0514798265306,51.0306904761905,51.0306904761905,1764.0722653570754,35.156840249999995,121.1635404853056,0.0,1607.7518846217697,20.84190484253923,18.757714358285305,0.0
1.36,6.609550002217165,9.603505357820216,34.57261928815278,6.7234254692613495,1761.2199140079763,51.0306904761905,51.0306904761905,1764.0722653570754,35.156840249999995,122.01673795361276,0.0,1606.8986871534626,20.915157348072494,18.823641613265245,0.0
1.365,6.657651571824632,9.637122485166524,34.69364094659949,6.719844984893214,1767.3850747412748,51.0306904761905,51.0306904761905,1764.0722653570754,35.156840249999995,122.87247371759719,0.0,1606.0429513894783,20.98837098016212,18.88953388214591,0.0
1.37,6.705921182312776,9.670721710090989,34.81459815632756,6.716253905655984,1773.5469522877916,51.0306904761905,51.0306904761905,1764.0722653570754,35.156840249999995,123.7307416552953,0.0,1605.18468345178,21.0615456231581,18.95539106084229,0.0
1.375,6.754358744037051,9.70430297961927,34.93549072662937,6.712652257219197,1779.705536932378,51.0306904761905,51.0306904761905,1764.0722653570754,35.156840249999995,124.59153563168735,0.0,1604.3238894753881,21.134681161689358,19.02121304552042,0.0
1.3800000000000001,6.802964167088363,9.737866240905365,35.05631846725932,6.70904006530665,1785.8608189834254,51.0306904761905,51.0306904761905,1764.0722653570754,35.156840249999995,125.45484949878629,0.0,1603.4605756082892,21.207777480664344,19.08699973259791,0.0
1.385,6.851737361293706,9.771411441231898,35.17708118843483,6.705417355696017,1792.0127887729109,51.0306904761905,51.0306904761905,1764.0722653570754,35.156840249999995,126.32067709572719,0.0,1602.5947480113482,21.2808344652716,19.152751018744443,0.0
1.3900000000000001,6.9006782362168115,9.804938528010378,35.29777870083736,6.7017841542184895,1798.1614366564515,51.0306904761905,51.0306904761905,1764.0722653570754,35.156840249999995,127.18901224885646,0.0,1601.726412858219,21.35385200098041,19.218466800882368,0.0
1.395,6.949786701158791,9.838447448781471,35.4184108156133,6.698140486758387,1804.3067530133492,51.0306904761905,51.0306904761905,1764.0722653570754,35.156840249999995,128.05984877182104,0.0,1600.8555763352545,21.426829973541317,19.284146976187184,0.0
1.4000000000000001,6.9990626651587835,9.871938151215263,35.53897734437495,6.694486379252793,1810.4487282466403,51.0306904761905,51.0306904761905,1764.0722653570754,35.156840249999995,128.9331804656579,0.0,1599.9822446414175,21.499768268986724,19.34979144208805,0.0
1.405,7.0485060369946,9.905410583111527,35.6594780992015,6.690821857691179,1816.5873527831454,51.0306904761905,51.0306904761905,1764.0722653570754,35.156840249999995,129.8090011188836,0.0,1599.1064239881919,21.57266677363148,19.415400096268332,0.0
1.41,7.098116725183378,9.938864692399983,35.77991289263994,6.687146948115028,1822.722617073517,51.0306904761905,51.0306904761905,1764.0722653570754,35.156840249999995,130.68730450758372,0.0,1598.2281205994916,21.64552537407344,19.480972836666098,0.0
1.415,7.14789463798223,9.972300427140558,35.90028153770601,6.68346167661746,1828.8545115922868,51.0306904761905,51.0306904761905,1764.0722653570754,35.156840249999995,131.5680843955025,0.0,1597.347340711573,21.718343957194044,19.54650956147464,0.0
1.42,7.1978396833888905,10.005717735523646,36.02058384788513,6.6797660693428575,1834.9830268379112,51.0306904761905,51.0306904761905,1764.0722653570754,35.156840249999995,132.45133453413254,0.0,1596.464090572943,21.79112241015884,19.61201016914296,0.0
1.425,7.247951769142375,10.03911656587036,36.1408196371333,6.676060152486489,1841.1081533328224,51.0306904761905,51.0306904761905,1764.0722653570754,35.156840249999995,133.33704866280453,0.0,1595.5783764442708,21.86386062041811,19.6774745583763,0.0
1.43,7.298230802723633,10.072496866632793,36.26098871987806,6.672343952294135,1847.229881623472,51.0306904761905,51.0306904761905,1764.0722653570754,35.156840249999995,134.2252205087772,0.0,1594.6902045982981,21.93655847570735,19.742902628136616,0.0
1.435,7.3486766913562,10.105858586394264,36.38109091101935,6.668617495061709,1853.3482022803778,51.0306904761905,51.0306904761905,1764.0722653570754,35.156840249999995,135.11584378732684,0.0,1593.7995813197485,22.009215864047878,19.80829427764309,0.0
1.44,7.39928934200686,10.139201673869573,36.50112602593047,6.664880807134886,1859.4631058981702,51.0306904761905,51.0306904761905,1764.0722653570754,35.156840249999995,136.0089122018376,0.0,1592.9065129052378,22.081832673747343,19.87364940637261,0.0
1.445,7.450068661386297,10.172526077905248,36.62109388045889,6.66113391490872,1865.5745830956382,51.0306904761905,51.0306904761905,1764.0722653570754,35.156840249999995,136.90441944389127,0.0,1592.011005663184,22.154408793400293,19.938967914060264,0.0
1.45,7.501014555949759,10.205831747479792,36.740994290927254,6.657376844827272,1871.6826245157733,51.0306904761905,51.0306904761905,1764.0722653570754,35.156840249999995,137.80235919335726,0.0,1591.1130659137182,22.226944111888685,20.004249700699816,0.0
1.455,7.552126931897718,10.239118631703928,36.86082707413414,6.6536096233832325,1877.7872208258161,51.0306904761905,51.0306904761905,1764.0722653570754,35.156840249999995,138.70272511848293,0.0,1590.2126999885925,22.29943851838245,20.069494666544205,0.0
1.46,7.60340569517653,10.272386679820844,36.98059204735504,6.64983227711754,1883.8883627173,51.0306904761905,51.0306904761905,1764.0722653570754,35.156840249999995,139.6055108759834,0.0,1589.309914231092,22.37189190234,20.134702712106,0.0
1.465,7.654850751479098,10.305635841206431,37.100289028343155,6.64604483261901,1889.9860409060957,51.0306904761905,51.0306904761905,1764.0722653570754,35.156840249999995,140.510710111132,0.0,1588.4047149959433,22.44430415350876,20.199873738157887,0.0
1.47,7.7064620062455385,10.338866065369526,37.21991783533029,6.642247316523954,1896.0802461324545,51.0306904761905,51.0306904761905,1764.0722653570754,35.156840249999995,141.41831645785035,0.0,1587.497108649225,22.516675161925694,20.265007645733125,0.0
1.475,7.758239364663843,10.372077301952146,37.339478287027724,6.638439755515803,1902.1709691610527,51.0306904761905,51.0306904761905,1764.0722653570754,35.156840249999995,142.3283235387986,0.0,1586.587101568277,22.589004817917807,20.330104336126027,0.0
1.48,7.810182731670547,10.405269500729725,37.45897020262701,6.634622176324726,1908.2582007810338,51.0306904761905,51.0306904761905,1764.0722653570754,35.156840249999995,143.24072496546586,0.0,1585.6747001416095,22.66129301210268,20.39516371089241,0.0
1.485,7.8622920119514,10.438442611611348,37.57839340180085,6.630794605727259,1914.3419318060533,51.0306904761905,51.0306904761905,1764.0722653570754,35.156840249999995,144.1555143382604,0.0,1584.759910768815,22.733539635388958,20.460185671850063,0.0
1.49,7.914567109942028,10.471596584639984,37.69774770470394,6.626957070545922,1920.4221530743184,51.0306904761905,51.0306904761905,1764.0722653570754,35.156840249999995,145.07268524660012,0.0,1583.8427398604754,22.805744578976874,20.52517012107919,0.0
1.495,7.967007929828609,10.504731369992713,37.81703293197377,6.623109597648838,1926.4988554486324,51.0306904761905,51.0306904761905,1764.0722653570754,35.156840249999995,145.99223126900299,0.0,1582.9231938380724,22.877907734358736,20.590116960922863,0.0
1.5,8.019614375548544,10.537846917980957,37.93624890473145,6.6192522139493635,1932.5720298164365,51.0306904761905,51.0306904761905,1764.0722653570754,35.156840249999995,146.9141459731774,0.0,1582.001279133898,22.95002899331943,20.65502609398749,0.0
1.5050000000000001,8.072386350791122,10.570943179050705,38.05539544458254,6.615384946405702,1938.6416670898495,51.0306904761905,51.0306904761905,1764.0722653570754,35.156840249999995,147.83842291611273,0.0,1581.0770021909627,23.022108247936913,20.719897423143223,0.0
1.51,8.125323758998206,10.604020103782734,38.174472373617846,6.611507822020526,1944.7077582057102,51.0306904761905,51.0306904761905,1764.0722653570754,35.156840249999995,148.76505564416973,0.0,1580.1503694629057,23.094145390582685,20.78473085152442,0.0
1.5150000000000001,8.178426503364896,10.637077642892836,38.29347951441421,6.607620867840604,1950.7702941256177,51.0306904761905,51.0306904761905,1764.0722653570754,35.156840249999995,149.69403769317117,0.0,1579.2213874139043,23.166140313922305,20.849526282530075,0.0
1.52,8.231694486840208,10.670115747232039,38.41241669003534,6.603724110956414,1956.8292658359728,51.0306904761905,51.0306904761905,1764.0722653570754,35.156840249999995,150.62536258849244,0.0,1578.290062518583,23.238092910915835,20.91428361982425,0.0
1.5250000000000001,8.285127612127754,10.703134367786822,38.53128372403256,6.5998175785017725,1962.8846643480174,51.0306904761905,51.0306904761905,1764.0722653570754,35.156840249999995,151.5590238451519,0.0,1577.3564012619236,23.310003074818354,20.979002767336517,0.0
1.53,8.338725781686419,10.736133455679331,38.65008044044559,6.595901297653446,1968.9364806978733,51.0306904761905,51.0306904761905,1764.0722653570754,35.156840249999995,152.49501496790174,0.0,1576.4204101391738,23.381870699180396,21.043683629262354,0.0
1.5350000000000001,8.392488897731036,10.769112962167599,38.76880666380335,6.591975295630783,1974.9847059465835,51.0306904761905,51.0306904761905,1764.0722653570754,35.156840249999995,153.43332945131834,0.0,1575.4820956557571,23.45369567784844,21.108326110063597,0.0
1.54,8.446416862233068,10.802072838645753,38.887462219124714,6.588039599695323,1981.02933118015,51.0306904761905,51.0306904761905,1764.0722653570754,35.156840249999995,154.3739607798932,0.0,1574.5414643271822,23.525477904965367,21.17293011446883,0.0
1.545,8.500509576921292,10.835013036644229,39.00604693191922,6.584094237150428,1987.0703475095713,51.0306904761905,51.0306904761905,1764.0722653570754,35.156840249999995,155.31690242812329,0.0,1573.5985226789521,23.597217274970898,21.23749554747381,0.0
1.55,8.554766943282479,10.867933507829981,39.124560628187936,6.5801392353408925,1993.1077460708852,51.0306904761905,51.0306904761905,1764.0722653570754,35.156840249999995,156.2621478606019,0.0,1572.6532772464734,23.6689136826021,21.302022314341887,0.0
1.555,8.609188862562071,10.900834204006687,39.24300313442407,6.576174621652577,1999.1415180252015,51.0306904761905,51.0306904761905,1764.0722653570754,35.156840249999995,157.20969053210928,0.0,1571.705734574966,23.740567022893785,21.36651032060441,0.0
1.56,8.663775235764875,10.93371507711495,39.36137427761382,6.572200423512017,2005.171654558742,51.0306904761905,51.0306904761905,1764.0722653570754,35.156840249999995,158.15952388770322,0.0,1570.7559012193722,23.812177191178986,21.430959472061087,0.0
1.565,8.718525963655745,10.96657607923251,39.47967388523704,6.568216668386049,2011.1981468828783,51.0306904761905,51.0306904761905,1764.0722653570754,35.156840249999995,159.1116413628098,0.0,1569.8037837442657,23.883744083089393,21.495369674780452,0.0
1.57,8.773440946760262,10.99941716257444,39.597901785267986,6.564223383781428,2017.220986234168,51.0306904761905,51.0306904761905,1764.0722653570754,35.156840249999995,160.06603638331404,0.0,1568.8493887237614,23.955267594555785,21.559740835100207,0.0
1.575,8.828520085365431,11.032238279493347,39.71605780617605,6.560220597244455,2023.2401638743918,51.0306904761905,51.0306904761905,1764.0722653570754,35.156840249999995,161.02270236565073,0.0,1567.8927227414247,24.026747621808482,21.624072859627635,0.0
1.58,8.883763279520364,11.065039382479569,39.83414177692645,6.556208336360588,2029.2556710905897,51.0306904761905,51.0306904761905,1764.0722653570754,35.156840249999995,161.98163271689492,0.0,1566.9337923901805,24.09818406137776,21.688365655239984,0.0
1.585,8.939170429036967,11.097820424161371,39.952153526980936,6.55218662875407,2035.2674991950955,51.0306904761905,51.0306904761905,1764.0722653570754,35.156840249999995,162.9428208348527,0.0,1565.9726042722227,24.169576810094277,21.752619129084852,0.0
1.59,8.994741433490633,11.130581357305141,40.07009288629851,6.548155502087546,2041.2756395255747,51.0306904761905,51.0306904761905,1764.0722653570754,35.156840249999995,163.9062601081519,0.0,1565.0091649989236,24.24092576508952,21.816833188580567,0.0
1.595,9.050476192220934,11.163322134815578,40.18795968533608,6.544114984061684,2047.2800834450577,51.0306904761905,51.0306904761905,1764.0722653570754,35.156840249999995,164.87194391633273,0.0,1564.0434811907426,24.31223082379617,21.881007741416553,0.0
1.6,9.106374604332313,11.196042709735886,40.30575375504919,6.540065102414799,2053.280822341976,51.0306904761905,51.0306904761905,1764.0722653570754,35.156840249999995,165.8398656299384,0.0,1563.075559477137,24.383491883948583,21.945142695553724,0.0
1.605,9.162436568694773,11.22874303524796,40.42347492689266,6.536005884922466,2059.2778476301964,51.0306904761905,51.0306904761905,1764.0722653570754,35.156840249999995,166.81001861060594,0.0,1562.1054064964694,24.454708843583145,22.009237959224834,0.0
1.61,9.218661983944575,11.261423064672574,40.54112303282127,6.53193735939715,2065.271150749055,51.0306904761905,51.0306904761905,1764.0722653570754,35.156840249999995,167.78239621115665,0.0,1561.1330288959189,24.525881601038723,22.073293440934854,0.0
1.615,9.275050748484931,11.29408275146956,40.65869790529042,6.527859553687819,2071.2607231633892,51.0306904761905,51.0306904761905,1764.0722653570754,35.156840249999995,168.75699177568686,0.0,1560.1584333313886,24.597010054957,22.1373090494613,0.0
1.62,9.3316027604867,11.326722049237999,40.776199377256795,6.523772495679569,2077.246556363576,51.0306904761905,51.0306904761905,1764.0722653570754,35.156840249999995,169.7337986396585,0.0,1559.181626467417,24.66809410428297,22.201284693854674,0.0
1.625,9.388317917889085,11.359340911716396,40.893627282179025,6.519676213293246,2083.22864186556,51.0306904761905,51.0306904761905,1764.0722653570754,35.156840249999995,170.7128101299897,0.0,1558.2026149770857,24.73913364826524,22.265220283438715,0.0
1.6300000000000001,9.445196118400332,11.391939292782862,41.01098145401831,6.515570734485062,2089.2069712108887,51.0306904761905,51.0306904761905,1764.0722653570754,35.156840249999995,171.69401956514545,0.0,1557.22140554193,24.810128586456468,22.329115727810823,0.0
1.635,9.502237259498429,11.424517146455287,41.128261727239035,6.5114560872462235,2095.1815359667453,51.0306904761905,51.0306904761905,1764.0722653570754,35.156840249999995,172.67742025522807,0.0,1556.2380048518473,24.881078818713732,22.39297093684236,0.0
1.6400000000000001,9.559441238431797,11.457074426891518,41.24546793680947,6.507332299602543,2101.15232772598,51.0306904761905,51.0306904761905,1764.0722653570754,35.156840249999995,173.66300550206773,0.0,1555.2524196050076,24.95198424519894,22.456785820679045,0.0
1.645,9.616807952219999,11.48961108838953,41.362599918202314,6.503199399614069,2107.1193381071394,51.0306904761905,51.0306904761905,1764.0722653570754,35.156840249999995,174.65076859931295,0.0,1554.2646565077625,25.022844766379126,22.520560289741212,0.0
1.6500000000000001,9.674337297654441,11.5221270853876,41.47965750739536,6.499057415374704,2113.082558754503,51.0306904761905,51.0306904761905,1764.0722653570754,35.156840249999995,175.64070283252124,0.0,1553.2747222745543,25.09366028302693,22.58429425472424,0.0
1.655,9.732029171299072,11.554622372464474,41.59664054087211,6.4949063750118246,2119.041981338111,51.0306904761905,51.0306904761905,1764.0722653570754,35.156840249999995,176.6328014792494,0.0,1552.282623627826,25.164430696220915,22.647987626598823,0.0
1.6600000000000001,9.789883469491082,11.587096904339532,41.713548855622314,6.490746306685906,2124.997597553795,51.0306904761905,51.0306904761905,1764.0722653570754,35.156840249999995,177.62705780914393,0.0,1551.2883672979315,25.235155907345916,22.711640316611327,0.0
1.665,9.847900088341614,11.619550635872962,41.83038228914266,6.486577238590142,2130.949399123209,51.0306904761905,51.0306904761905,1764.0722653570754,35.156840249999995,178.62346508403164,0.0,1550.2919600230439,25.30583581809341,22.775252236284068,0.0
1.67,9.90607892373646,11.651983522065912,41.94714067943728,6.482399198950066,2136.8973777938572,51.0306904761905,51.0306904761905,1764.0722653570754,35.156840249999995,179.62201655800956,0.0,1549.2934085490658,25.376470330461874,22.83882329741569,0.0
1.675,9.964419871336778,11.684395518060661,42.063823865018385,6.478212216023178,2142.8415253391304,51.0306904761905,51.0306904761905,1764.0722653570754,35.156840249999995,180.62270547753582,0.0,1548.2927196295395,25.4470593467572,22.90235341208148,0.0
1.68,10.022922826579782,11.716786579140777,42.1804316849068,6.474016318098561,2148.781833558326,51.0306904761905,51.0306904761905,1764.0722653570754,35.156840249999995,181.62552508151953,0.0,1547.2899000255559,25.5176027695929,22.965842492633612,0.0
1.685,10.081587684679462,11.74915666073127,42.296963978632576,6.469811533496503,2154.7182942766835,51.0306904761905,51.0306904761905,1764.0722653570754,35.156840249999995,182.6304686014111,0.0,1546.2849565056642,25.588100501890594,23.029290451701534,0.0
1.69,10.140414340627288,11.781505718398753,42.41342058623551,6.465597890568129,2160.6508993454117,51.0306904761905,51.0306904761905,1764.0722653570754,35.156840249999995,183.63752926129249,0.0,1545.277895845783,25.658552446880275,23.092697202192248,0.0
1.695,10.199402689192913,11.813833707851593,42.529801348265735,6.461375417695013,2166.5796406417157,51.0306904761905,51.0306904761905,1764.0722653570754,35.156840249999995,184.64670027796737,0.0,1544.2687248291081,25.728958508100668,23.1560626572906,0.0
1.7,10.258552624924892,11.846140584940068,42.64610610578425,6.457144143288804,2172.5045100688253,51.0306904761905,51.0306904761905,1764.0722653570754,35.156840249999995,185.65797486105123,0.0,1543.2574502460243,25.79931858939953,23.219386730459576,0.0
1.705,10.317864042151385,11.878426305656513,42.762334700363446,6.452904095790853,2178.4254995560227,51.0306904761905,51.0306904761905,1764.0722653570754,35.156840249999995,186.67134621306138,0.0,1542.244078894014,25.869632594934025,23.282669335440623,0.0
1.71,10.377336834980865,11.910690826135466,42.87848697408768,6.448655303671835,2184.3426010586713,51.0306904761905,51.0306904761905,1764.0722653570754,35.156840249999995,187.68680752950692,0.0,1541.2286175775685,25.939900429171022,23.34591038625392,0.0
1.715,10.436970897302837,11.942934102653826,42.994562769553774,6.4443977954313665,2190.2558065582402,51.0306904761905,51.0306904761905,1764.0722653570754,35.156840249999995,188.70435199897892,0.0,1540.2110731080966,26.010121996887413,23.409109797198674,0.0
1.72,10.49676612278855,11.975156091630982,43.11056192987154,6.440131599597638,2196.165108062331,51.0306904761905,51.0306904761905,1764.0722653570754,35.156840249999995,189.7239728032399,0.0,1539.1914523038356,26.080297203170428,23.472267482853386,0.0
1.725,10.5567224048917,12.00735674962897,43.226484298664296,6.435856744727034,2202.0704976047064,51.0306904761905,51.0306904761905,1764.0722653570754,35.156840249999995,190.74566311731428,0.0,1538.1697619897611,26.150425953417955,23.53538335807616,0.0
1.73,10.616839636849154,12.039536033352606,43.34232972006938,6.4315732594037565,2207.9719672453134,51.0306904761905,51.0306904761905,1764.0722653570754,35.156840249999995,191.76941610957766,0.0,1537.1460089974978,26.22050815333885,23.598457338004966,0.0
1.735,10.677117711681658,12.071693899649626,43.458098038738655,6.42728117223945,2213.869509070309,51.0306904761905,51.0306904761905,1764.0722653570754,35.156840249999995,192.79522494184664,0.0,1536.1202001652287,26.29054370895321,23.66148933805789,0.0
1.74,10.73755652219456,12.103830305510822,43.57378909983896,6.422980511872831,2219.7631151920878,51.0306904761905,51.0306904761905,1764.0722653570754,35.156840249999995,193.82308276946873,0.0,1535.0923423376066,26.360532526592717,23.724479273933444,0.0
1.745,10.798155960978512,12.135945208070186,43.689402749052675,6.418671306969304,2225.6527777493034,51.0306904761905,51.0306904761905,1764.0722653570754,35.156840249999995,194.8529827414117,0.0,1534.0624423656636,26.43047451290088,23.787427061610792,0.0
1.75,10.858915920410201,12.168038564605032,43.80493883257812,6.414353586220595,2231.538488906897,51.0306904761905,51.0306904761905,1764.0722653570754,35.156840249999995,195.88491800035334,0.0,1533.030507106722,26.500369574833396,23.85033261735006,0.0
1.7550000000000001,10.919836292653054,12.200110332536136,43.92039719713009,6.410027378344371,2237.4202408561164,51.0306904761905,51.0306904761905,1764.0722653570754,35.156840249999995,196.91888168277075,0.0,1531.9965434243047,26.57021761965837,23.913195857692532,0.0
1.76,10.980916969657963,12.232160469427857,44.03577768994029,6.405692712083874,2243.298025814545,51.0306904761905,51.0306904761905,1764.0722653570754,35.156840249999995,197.95486691902974,0.0,1530.9605581880458,26.640018554956622,23.97601669946096,0.0
1.7650000000000001,11.042157843164004,12.264188932988276,44.15108015875779,6.401349616207535,2249.1718360261207,51.0306904761905,51.0306904761905,1764.0722653570754,35.156840249999995,198.99286683347444,0.0,1529.922558273601,26.70977228862197,24.038795059759774,0.0
1.77,11.103558804699148,12.296195681069314,44.26630445184953,6.396998119508615,2255.0416637611634,51.0306904761905,51.0306904761905,1764.0722653570754,35.156840249999995,200.03287454451632,0.0,1528.8825505625591,26.77947872886152,24.10153085597537,0.0
1.7750000000000001,11.16511974558099,12.328180671666857,44.38145041800069,6.39263825080482,2260.9075013163924,51.0306904761905,51.0306904761905,1764.0722653570754,35.156840249999995,201.07488316472333,0.0,1527.840541942352,26.849137784195875,24.164224005776287,0.0
1.78,11.226840556917459,12.36014386292088,44.49651790651517,6.388270038937933,2266.769341014956,51.0306904761905,51.0306904761905,1764.0722653570754,35.156840249999995,202.11888580090923,0.0,1526.796539306166,26.918749363459494,24.226874427113543,0.0
1.7850000000000001,11.28872112960755,12.39208521311557,44.61150676721605,6.383893512773443,2272.627175206445,51.0306904761905,51.0306904761905,1764.0722653570754,35.156840249999995,203.1648755542225,0.0,1525.7505495528528,26.988313375800864,24.289482038220775,0.0
1.79,11.350761354342039,12.424004680679436,44.72641685044597,6.379508701200167,2278.480996266922,51.0306904761905,51.0306904761905,1764.0722653570754,35.156840249999995,204.21284552023545,0.0,1524.7025795868399,27.05782973068281,24.35204675761453,0.0
1.795,11.4129611216042,12.455902224185436,44.84124800706757,6.3751156331298855,2284.330796598939,51.0306904761905,51.0306904761905,1764.0722653570754,35.156840249999995,205.26278878903275,0.0,1523.6526363180426,27.127298337882756,24.414568504094483,0.0
1.8,11.47532032167054,12.487777802351086,44.95600008846391,6.370714337496965,2290.176568631559,51.0306904761905,51.0306904761905,1764.0722653570754,35.156840249999995,206.31469844530082,0.0,1522.6007266617746,27.196719107492935,24.47704719674364,0.0
1.805,11.537838844611514,12.519631374038571,45.070672946538856,6.36630484325799,2296.018304820376,51.0306904761905,51.0306904761905,1764.0722653570754,35.156840249999995,207.36856756841584,0.0,1521.5468575386597,27.26609194992066,24.539482754928596,0.0
1.81,11.600516580292247,12.551462898254861,45.1852664337175,6.361887179391391,2301.855997647538,51.0306904761905,51.0306904761905,1764.0722653570754,35.156840249999995,208.424389232533,0.0,1520.4910358745424,27.335416775888564,24.601875098299708,0.0
1.815,11.663353418373264,12.583272334151818,45.299780402946546,6.357461374897075,2307.6896396217635,51.0306904761905,51.0306904761905,1764.0722653570754,35.156840249999995,209.4821565066746,0.0,1519.4332686004009,27.404693496434824,24.664224146791344,0.0
1.82,11.726349248311209,12.615059641026303,45.41421470769469,6.353027458796053,2313.5192232783643,51.0306904761905,51.0306904761905,1764.0722653570754,35.156840249999995,210.5418624548188,0.0,1518.3735626522566,27.473922022913438,24.726529820622094,0.0
1.825,11.789503959359575,12.646824778320283,45.52856920195302,6.348585460130073,2319.344741179263,51.0306904761905,51.0306904761905,1764.0722653570754,35.156840249999995,211.60350013598796,0.0,1517.3119249710874,27.543102266994392,24.788792040294954,0.0
1.83,11.852817440569426,12.678567705620933,45.642843740235364,6.344135407961251,2325.1661859130118,51.0306904761905,51.0306904761905,1764.0722653570754,35.156840249999995,212.6670626043366,0.0,1516.248362502739,27.612234140663926,24.851010726597533,0.0
1.835,11.91628958079013,12.710288382660739,45.757038177578664,6.339677331371696,2330.983550094813,51.0306904761905,51.0306904761905,1764.0722653570754,35.156840249999995,213.73254290923992,0.0,1515.1828821978354,27.681317556224748,24.913185800602275,0.0
1.84,11.979920268670076,12.741986769317597,45.87115236954335,6.335211259463153,2336.796826366536,51.0306904761905,51.0306904761905,1764.0722653570754,35.156840249999995,214.79993409538176,0.0,1514.1154910116936,27.750352426296264,24.975317183666636,0.0
1.845,12.043709392657409,12.773662825614913,45.98518617221369,6.330737221356622,2342.6060073967365,51.0306904761905,51.0306904761905,1764.0722653570754,35.156840249999995,215.8692292028427,0.0,1513.0461959042327,27.819338663814772,25.037404797433293,0.0
1.85,12.10765684100075,12.805316511721696,46.09913944219811,6.326255246192,2348.41108588067,51.0306904761905,51.0306904761905,1764.0722653570754,35.156840249999995,216.94042126718756,0.0,1511.975003839888,27.888276182033646,25.099448563830283,0.0
1.855,12.171762501749935,12.836947787952656,46.213012036629564,6.321765363127707,2354.212054540315,51.0306904761905,51.0306904761905,1764.0722653570754,35.156840249999995,218.01350331955368,0.0,1510.9019217875218,27.957164894523622,25.16144840507126,0.0
1.86,12.236026262756738,12.868556614768295,46.32680381316586,6.317267601340323,2360.008906124388,51.0306904761905,51.0306904761905,1764.0722653570754,35.156840249999995,219.0884683867383,0.0,1509.8269567203372,28.026004715172938,25.223404243655644,0.0
1.865,12.300448011675597,12.900142952774996,46.440514629989984,6.312761990024223,2365.8016334083577,51.0306904761905,51.0306904761905,1764.0722653570754,35.156840249999995,220.1653094912862,0.0,1508.7501156157891,28.094795558187528,25.285316002368777,0.0
1.87,12.365027635964347,12.931706762725117,46.55414434581042,6.308248558391206,2371.590229194462,51.0306904761905,51.0306904761905,1764.0722653570754,35.156840249999995,221.24401965157722,0.0,1507.6714054554982,28.16353733809124,25.347183604282115,0.0
1.875,12.429765022884952,12.963248005517073,46.667692819861465,6.303727335670134,2377.37468631173,51.0306904761905,51.0306904761905,1764.0722653570754,35.156840249999995,222.32459188191353,0.0,1506.590833225162,28.232229969726042,25.40900697275344,0.0
1.8800000000000001,12.494660059504234,12.994766642195424,46.78115991190353,6.299198351106562,2383.1549976159854,51.0306904761905,51.0306904761905,1764.0722653570754,35.156840249999995,223.40701919260707,0.0,1505.5084059144683,28.30087336825214,25.47078603142693,0.0
1.885,12.5597126326946,13.026262633950957,46.89454548222344,6.294661633962381,2388.931155989876,51.0306904761905,51.0306904761905,1764.0722653570754,35.156840249999995,224.49129459006633,0.0,1504.424130517009,28.369467449148253,25.53252070423343,0.0
1.8900000000000001,12.62492262913478,13.057735942120768,47.007849391634764,6.290117213515446,2394.703154342878,51.0306904761905,51.0306904761905,1764.0722653570754,35.156840249999995,225.57741107688383,0.0,1503.3380140301915,28.438012128211714,25.594210915390544,0.0
1.895,12.690289935310552,13.089186528188346,47.12107150147805,6.285565119059217,2400.470985611315,51.0306904761905,51.0306904761905,1764.0722653570754,35.156840249999995,226.66536165192275,0.0,1502.2500634551527,28.506507321558676,25.655856589402806,0.0
1.9000000000000001,12.755814437515482,13.120614353783642,47.23421167362111,6.281005379902392,2406.234642758373,51.0306904761905,51.0306904761905,1764.0722653570754,35.156840249999995,227.75513931040373,0.0,1501.1602857966716,28.574952945624286,25.717457651061856,0.0
1.905,12.82149602185165,13.152019380683154,47.347269770459356,6.276438025368551,2411.9941187741106,51.0306904761905,51.0306904761905,1764.0722653570754,35.156840249999995,228.84673704399177,0.0,1500.0686880630838,28.643348917162825,25.779014025446543,0.0
1.9100000000000001,12.887334574230382,13.183401570809997,47.46024565491599,6.271863084795786,2417.749406675478,51.0306904761905,51.0306904761905,1764.0722653570754,35.156840249999995,229.94014784088253,0.0,1498.975277266193,28.711695153247923,25.840525637923133,0.0
1.915,12.953329980372992,13.214760886233975,47.57313919044231,6.267280587536345,2423.500499506326,51.0306904761905,51.0306904761905,1764.0722653570754,35.156840249999995,231.03536468588896,0.0,1497.8800604211865,28.779991571272642,25.901992414145383,0.0
1.92,13.019482125811505,13.246097289171656,47.68595024101796,6.2626905629562675,2429.2473903374203,51.0306904761905,51.0306904761905,1764.0722653570754,35.156840249999995,232.1323805605275,0.0,1496.783044546548,28.8482380889497,25.96341428005473,0.0
1.925,13.085790895889401,13.277410741986438,47.79867867115118,6.258093040435025,2434.990072266455,51.0306904761905,51.0306904761905,1764.0722653570754,35.156840249999995,233.2311884431045,0.0,1495.684236663971,28.916434624311588,26.02479116188043,0.0
1.93,13.152256175762338,13.308701207188614,47.91132434587901,6.253488049365161,2440.7285384180636,51.0306904761905,51.0306904761905,1764.0722653570754,35.156840249999995,234.3317813088019,0.0,1494.5836437982734,28.98458109571069,26.086122986139625,0.0
1.935,13.218877850398897,13.33996864743544,48.023887130767584,6.248875619151932,2446.4627819438324,51.0306904761905,51.0306904761905,1764.0722653570754,35.156840249999995,235.43415212976356,0.0,1493.4812729773118,29.052677421819507,26.147409679637555,0.0
1.94,13.285655804581314,13.3712130255312,48.13636689191232,6.244255779212947,2452.1927960223097,51.0306904761905,51.0306904761905,1764.0722653570754,35.156840249999995,236.5382938751809,0.0,1492.3771312318945,29.120723521630683,26.208651169467615,0.0
1.945,13.35258992290621,13.402434304427263,48.24876349593815,6.239628558977811,2457.9185738590218,51.0306904761905,51.0306904761905,1764.0722653570754,35.156840249999995,237.64419951137853,0.0,1491.271225595697,29.18871931445727,26.269847383011545,0.0
1.95,13.419680089785334,13.433632447222152,48.36107680999975,6.234993987887763,2463.6401086864767,51.0306904761905,51.0306904761905,1764.0722653570754,35.156840249999995,238.75186200190012,0.0,1490.1635631051754,29.256664719932704,26.330998247939434,0.0
1.955,13.486926189446294,13.464807417161591,48.47330670178173,6.230352095395322,2469.357393764183,51.0306904761905,51.0306904761905,1764.0722653570754,35.156840249999995,239.86127430759345,0.0,1489.054150799482,29.324559658011108,26.39210369221,0.0
1.96,13.554328105933294,13.495959177638568,48.585453039498844,6.225702910963931,2475.0704223786547,51.0306904761905,51.0306904761905,1764.0722653570754,35.156840249999995,240.9724293866959,0.0,1487.9429957203795,29.392404048967258,26.453163644070532,0.0
1.965,13.621885723107875,13.527087692193387,48.69751569189619,6.221046464067598,2480.7791878434223,51.0306904761905,51.0306904761905,1764.0722653570754,35.156840249999995,242.08532019491943,0.0,1486.830104912156,29.460197813396785,26.51417803205711,0.0
1.97,13.689598924649642,13.558192924513724,48.80949452824941,6.216382784190542,2486.4836834990438,51.0306904761905,51.0306904761905,1764.0722653570754,35.156840249999995,243.1999396855359,0.0,1485.7154854215396,29.527940872216288,26.57514678499466,0.0
1.975,13.757467594057013,13.589274838434678,48.92138941836484,6.2117119008268356,2492.1839027131136,51.0306904761905,51.0306904761905,1764.0722653570754,35.156840249999995,244.31628080946177,0.0,1484.5991442976137,29.595633146663417,26.636069831997077,0.0
1.98,13.825491614647946,13.620333397938811,49.03320023257972,6.207033843480053,2497.879838880269,51.0306904761905,51.0306904761905,1764.0722653570754,35.156840249999995,245.43433651534278,0.0,1483.4810885917327,29.663274558296976,26.696947102467277,0.0
1.985,13.893670869560683,13.651368567156211,49.14492684176236,6.202348641662915,2503.5714854222038,51.0306904761905,51.0306904761905,1764.0722653570754,35.156840249999995,246.55409974963865,0.0,1482.3613253574367,29.73086502899707,26.75777852609736,0.0
1.99,13.962005241754486,13.682380310364525,49.256569117312296,6.197656324896936,2509.258835787673,51.0306904761905,51.0306904761905,1764.0722653570754,35.156840249999995,247.67556345670747,0.0,1481.2398616503679,29.798404480965168,26.818564032868654,0.0
1.995,14.03049461401037,13.71336859198901,49.36812693116044,6.192956922712073,2514.9418834525013,51.0306904761905,51.0306904761905,1764.0722653570754,35.156840249999995,248.79872057889006,0.0,1480.1167045281854,29.86589283672421,26.87930355305179,0.0
2.0,14.099138868931849,13.74433337660257,49.479600155769255,6.188250464646365,2520.620621919593,51.0306904761905,51.0306904761905,1764.0722653570754,35.156840249999995,249.92356405659424,0.0,1478.9918610504812,29.933330019118706,26.93999701720684,0.0
2.005,14.16793788894567,13.775274628925802,49.59098866413289,6.183536980245594,2526.295044718935,51.0306904761905,51.0306904761905,1764.0722653570754,35.156840249999995,251.05008682837845,0.0,1477.865338278697,30.000715951314795,27.00064435618332,0.0
2.0100000000000002,14.236891556302552,13.80619231382703,49.70229232977731,6.1788164990629255,2531.9651454076097,51.0306904761905,51.0306904761905,1764.0722653570754,35.156840249999995,252.17828183103617,0.0,1476.7371432760392,30.068050556800355,27.06124550112032,0.0
2.015,14.305999753077925,13.837086396322345,49.813511026760445,6.174089050658561,2537.630917569797,51.0306904761905,51.0306904761905,1764.0722653570754,35.156840249999995,253.30814199967918,0.0,1475.6072831073961,30.135333759385095,27.121800383446587,0.0
2.02,14.375262361172672,13.867956841575637,49.924644629672294,6.169354664599389,2543.2923548167832,51.0306904761905,51.0306904761905,1764.0722653570754,35.156840249999995,254.43966026782138,0.0,1474.475764839254,30.202565483200605,27.182308934880545,0.0
2.025,14.444679262313857,13.898803614898634,50.03569301363508,6.164613370458633,2548.9494507869654,51.0306904761905,51.0306904761905,1764.0722653570754,35.156840249999995,255.57282956746207,0.0,1473.3425955396133,30.269745652700415,27.242771087430373,0.0
2.0300000000000002,14.514250338055481,13.929626681750927,50.146656054303335,6.159865197815506,2554.6021991458606,51.0306904761905,51.0306904761905,1764.0722653570754,35.156840249999995,256.7076428291693,0.0,1472.207782277906,30.336874192660147,27.30318677339413,0.0
2.035,14.583975469779208,13.960426007740004,50.257533627864014,6.155110176254864,2560.250593586107,51.0306904761905,51.0306904761905,1764.0722653570754,35.156840249999995,257.844092982163,0.0,1471.0713321249125,30.403951028177456,27.363555925359712,0.0
2.04,14.653854538695112,13.99120155862128,50.3683256110366,6.150348335366852,2565.8946278274716,51.0306904761905,51.0306904761905,1764.0722653570754,35.156840249999995,258.9821729543977,0.0,1469.9332521526776,30.4709760846722,27.42387847620498,0.0
2.045,14.72388742584241,14.021953300298113,50.47903188107321,6.145579704746568,2571.534295616855,51.0306904761905,51.0306904761905,1764.0722653570754,35.156840249999995,260.1218756726455,0.0,1468.79354943443,30.537949287886438,27.484154359097793,0.0
2.05,14.79407401209021,14.052681198821846,50.58965231575865,6.140804313993709,2577.1695907282956,51.0306904761905,51.0306904761905,1764.0722653570754,35.156840249999995,261.26319406257886,0.0,1467.6522310444966,30.6048705638845,27.544383507496047,0.0
2.055,14.864414178138246,14.083385220391815,50.70018679341054,6.13602219271223,2582.800506962972,51.0306904761905,51.0306904761905,1764.0722653570754,35.156840249999995,262.40612104885264,0.0,1466.5093040582228,30.671739839053014,27.604565855147715,0.0
2.06,14.934907804517614,14.114065331355375,50.81063519287935,6.131233370509994,2588.427038149212,51.0306904761905,51.0306904761905,1764.0722653570754,35.156840249999995,263.5506495551867,0.0,1465.3647755518887,30.738557040101032,27.66470133609093,0.0
2.065,15.005554771591521,14.144721498207925,50.92099739354853,6.126437876998442,2594.0491781424903,51.0306904761905,51.0306904761905,1764.0722653570754,35.156840249999995,264.69677250444795,0.0,1464.2186526026276,30.80532209405997,27.724789884653976,0.0
2.07,15.076354959556024,14.175353687592917,51.031273275334506,6.12163574179223,2599.6669208254348,51.0306904761905,51.0306904761905,1764.0722653570754,35.156840249999995,265.8444828187325,0.0,1463.0709422883428,30.872034928283718,27.784831435455345,0.0
2.075,15.14730824844076,14.205961866301879,51.14146271868676,6.116826994508905,2605.2802601078292,51.0306904761905,51.0306904761905,1764.0722653570754,35.156840249999995,266.99377341944705,0.0,1461.9216516876284,30.938695470448614,27.844825923403754,0.0
2.08,15.218414518109702,14.236546001274423,51.251565604587924,6.112011664768555,2610.8891899266155,51.0306904761905,51.0306904761905,1764.0722653570754,35.156840249999995,268.14463722739083,0.0,1460.7707878796846,31.00530364855356,27.9047732836982,0.0
2.085,15.289673648261884,14.267106059598266,51.36158181455376,6.107189782193465,2616.493704245897,51.0306904761905,51.0306904761905,1764.0722653570754,35.156840249999995,269.2970671628372,0.0,1459.6183579442381,31.07185939091996,27.964673451827966,0.0
2.09,15.361085518432153,14.297642008509234,51.47151123063324,6.102361376407786,2622.093797056938,51.0306904761905,51.0306904761905,1764.0722653570754,35.156840249999995,270.45105614561453,0.0,1458.4643689614609,31.13836262619181,28.02452636357263,0.0
2.095,15.432650007991905,14.328153815391273,51.581353735408584,6.097526477037187,2627.6894623781695,51.0306904761905,51.0306904761905,1764.0722653570754,35.156840249999995,271.6065970951877,0.0,1457.3088280118877,31.20481328333568,28.084331955002114,0.0
2.1,15.504366996149825,14.35864144777646,51.691109211995254,6.092685113708521,2633.280694255186,51.0306904761905,51.0306904761905,1764.0722653570754,35.156840249999995,272.7636829307388,0.0,1456.1517421763365,31.271211291640757,28.14409016247668,0.0
2.105,15.576236361952628,14.389104873345003,51.80077754404201,6.0878373160494865,2638.86748676075,51.0306904761905,51.0306904761905,1764.0722653570754,35.156840249999995,273.922306571248,0.0,1454.9931185358273,31.337556580718825,28.203800922646945,0.0
2.11,15.648257984285804,14.41954405992525,51.91035861573091,6.08298311368829,2644.449833994793,51.0306904761905,51.0306904761905,1764.0722653570754,35.156840249999995,275.08246093557415,0.0,1453.8329641715013,31.403849080504315,28.263464172453887,0.0
2.115,15.72043174187435,14.449958975493692,52.01985231177729,6.078122536253306,2650.0277300844105,51.0306904761905,51.0306904761905,1764.0722653570754,35.156840249999995,276.24413894253524,0.0,1452.67128616454,31.47008872125427,28.323079849128845,0.0
2.12,15.79275751328352,14.480349588174958,52.12925851742985,6.073255613372748,2655.6011691838703,51.0306904761905,51.0306904761905,1764.0722653570754,35.156840249999995,277.4073335109887,0.0,1451.5080915960866,31.536275433548376,28.382647890193542,0.0
2.125,15.865235176919562,14.510715866241823,52.23857711847056,6.068382374674327,2661.1701454746076,51.0306904761905,51.0306904761905,1764.0722653570754,35.156840249999995,278.5720375599113,0.0,1450.3433875471642,31.60240914828897,28.442168233460073,0.0
2.13,15.937864611030456,14.541057778115194,52.3478080012147,6.063502849784923,2666.7346531652233,51.0306904761905,51.0306904761905,1764.0722653570754,35.156840249999995,279.73824400847883,0.0,1449.1771810985965,31.668489796700975,28.50164081703088,0.0
2.1350000000000002,16.010645693706653,14.571375292364118,52.456951052510824,6.058617068330247,2672.294686491486,51.0306904761905,51.0306904761905,1764.0722653570754,35.156840249999995,280.9059457761465,0.0,1448.009479330929,31.734517310331952,28.56106557929876,0.0
2.14,16.08357830288183,14.601668377705769,52.566006159740766,6.053725059934509,2677.850239716331,51.0306904761905,51.0306904761905,1764.0722653570754,35.156840249999995,282.0751357827277,0.0,1446.8402893243476,31.80049162105208,28.620442458946872,0.0
2.145,16.156662316333605,14.631937003005442,52.674973210819594,6.048826854220089,2683.401307129859,51.0306904761905,51.0306904761905,1764.0722653570754,35.156840249999995,283.245806948474,0.0,1445.6696181586015,31.866412661054113,28.679771394948705,0.0
2.15,16.22989761168431,14.662181137276542,52.78385209419555,6.043922480807205,2688.9478830493294,51.0306904761905,51.0306904761905,1764.0722653570754,35.156840249999995,284.41795219415354,0.0,1444.497472912922,31.932280362853348,28.739052326568014,0.0
2.1550000000000002,16.303284066401705,14.692400749680578,52.89264269885008,6.039011969313576,2694.489961819166,51.0306904761905,51.0306904761905,1764.0722653570754,35.156840249999995,285.5915644411307,0.0,1443.3238606659447,31.998094659287663,28.798285193358897,0.0
2.16,16.376821557799726,14.722595809527146,53.001344914297725,6.0340953493541045,2700.0275378109504,51.0306904761905,51.0306904761905,1764.0722653570754,35.156840249999995,286.76663661144437,0.0,1442.148788495631,32.06385548351745,28.857469935165707,0.0
2.165,16.450509963039227,14.752766286273916,53.1099586305861,6.029172650540537,2705.5606054234195,51.0306904761905,51.0306904761905,1764.0722653570754,35.156840249999995,287.94316162788704,0.0,1440.9722634791883,32.12956276902557,28.916606492123012,0.0
2.17,16.52434915912873,14.782912149526618,53.218483738295824,6.024243902481142,2711.0891590824626,51.0306904761905,51.0306904761905,1764.0722653570754,35.156840249999995,289.1211324140825,0.0,1439.794292692993,32.19521644961734,28.97569480465561,0.0
2.1750000000000003,16.598339022925142,14.813033369039024,53.326920128540486,6.0193091347803795,2716.613193241121,51.0306904761905,51.0306904761905,1764.0722653570754,35.156840249999995,290.30054189456473,0.0,1438.6148832125107,32.26081645942052,29.034734813478465,0.0
2.18,16.672479431134523,14.843129914712925,53.435267692966534,6.014368377038577,2722.1327023795798,51.0306904761905,51.0306904761905,1764.0722653570754,35.156840249999995,291.4813829948555,0.0,1437.43404211222,32.32636273288519,29.09372645959667,0.0
2.185,16.7467702603128,14.873201756598117,53.54352632375323,6.009421658851603,2727.647681005168,51.0306904761905,51.0306904761905,1764.0722653570754,35.156840249999995,292.66364864154224,0.0,1436.251776465533,32.391855204783795,29.152669684305415,0.0
2.19,16.821211386866526,14.903248864892376,53.651695913612556,6.004469009810543,2733.158123652353,51.0306904761905,51.0306904761905,1764.0722653570754,35.156840249999995,293.84733176235574,0.0,1435.0680933447197,32.457293810211056,29.21156442918995,0.0
2.195,16.89580268705361,14.933271209941429,53.75977635578914,5.999510459501372,2738.6640248827357,51.0306904761905,51.0306904761905,1764.0722653570754,35.156840249999995,295.03242528624753,0.0,1433.882999820828,32.52267848458392,29.270410636125526,0.0
2.2,16.970544036984062,14.963268762238936,53.86776754406017,5.994546037504637,2744.1653792850475,51.0306904761905,51.0306904761905,1764.0722653570754,35.156840249999995,296.2189221434671,0.0,1432.6965029636083,32.58800916364148,29.329208247277332,0.0
2.205,17.045435312620725,14.99324149242646,53.975669372735254,5.989575773395132,2749.6621814751416,51.0306904761905,51.0306904761905,1764.0722653570754,35.156840249999995,297.40681526563895,0.0,1431.5086098414365,32.653285783444986,29.387957205100488,0.0
2.21,17.120476389780027,15.023189371293435,54.08348173665637,5.984599696741574,2755.1544260959945,51.0306904761905,51.0306904761905,1764.0722653570754,35.156840249999995,298.5960975858394,0.0,1430.3193275212361,32.71850828037771,29.446657452339938,0.0
2.215,17.195667144132702,15.053112369777143,54.19120453119771,5.979617837106286,2760.6421078176922,51.0306904761905,51.0306904761905,1764.0722653570754,35.156840249999995,299.7867620386731,0.0,1429.1286630684024,32.7836765911449,29.505308932030417,0.0
2.22,17.271007451204554,15.083010458962674,54.298837652265625,5.974630224044877,2766.12522133743,51.0306904761905,51.0306904761905,1764.0722653570754,35.156840249999995,300.9788015603497,0.0,1427.9366235467257,32.84879065277375,29.563911587496378,0.0
2.225,17.346497186377167,15.112883610082898,54.40638099629843,5.969636887105922,2771.603761379507,51.0306904761905,51.0306904761905,1764.0722653570754,35.156840249999995,302.17220908876,0.0,1426.7432160183155,32.91385040261328,29.622465362351956,0.0
2.23,17.42213622488867,15.142731794518427,54.51383446026634,5.964637855830643,2777.077722695312,51.0306904761905,51.0306904761905,1764.0722653570754,35.156840249999995,303.3669775635516,0.0,1425.5484475435237,32.978855778334236,29.680970200500813,0.0
2.235,17.49792444183446,15.17255498379758,54.62119794167129,5.9596331597525944,2782.547100063327,51.0306904761905,51.0306904761905,1764.0722653570754,35.156840249999995,304.5630999262053,0.0,1424.3523251808701,33.043806717929115,29.739426046136206,0.0
2.24,17.573861712167947,15.202353149596343,54.72847133854683,5.954622828397343,2788.011888289113,51.0306904761905,51.0306904761905,1764.0722653570754,35.156840249999995,305.76056912011035,0.0,1423.154855986965,33.108703159711965,29.797832843740764,0.0
2.245,17.649947910701282,15.23212626373833,54.83565454945799,5.949606891282158,2793.472082205307,51.0306904761905,51.0306904761905,1764.0722653570754,35.156840249999995,306.9593780906398,0.0,1421.9560470164356,33.17354504231837,29.856190538086537,0.0
2.25,17.72618291210612,15.26187429819474,54.942747473501065,5.944585377915688,2798.9276766716084,51.0306904761905,51.0306904761905,1764.0722653570754,35.156840249999995,308.159519785226,0.0,1420.7559053218495,33.23833230470534,29.9144990742348,0.0
2.255,17.802566590914317,15.291597225084319,55.04975001030355,5.939558317797657,2804.37866657478,51.0306904761905,51.0306904761905,1764.0722653570754,35.156840249999995,309.36098715343513,0.0,1419.5544379536402,33.30306488615119,29.97275839753607,0.0
2.2600000000000002,17.879098821518713,15.321295016673307,55.156662060023905,5.9345257404185485,2809.82504682863,51.0306904761905,51.0306904761905,1764.0722653570754,35.156840249999995,310.5637731470424,0.0,1418.351651960033,33.367742726255486,30.03096845362994,0.0
2.265,17.955779478173834,15.3509676453754,55.26348352335144,5.929487675259284,2815.266812374014,51.0306904761905,51.0306904761905,1764.0722653570754,35.156840249999995,311.7678707201064,0.0,1417.147554386969,33.43236576493895,30.089129188445053,0.0
2.27,18.03260843499665,15.380615083751696,55.37021430150611,5.9244441517909285,2820.703958178815,51.0306904761905,51.0306904761905,1764.0722653570754,35.156840249999995,312.9732728290434,0.0,1415.942152278032,33.49693394244328,30.147240548198948,0.0
2.275,18.109585565967308,15.41023730451065,55.47685429623834,5.9193951994743665,2826.136479237944,51.0306904761905,51.0306904761905,1764.0722653570754,35.156840249999995,314.1799724327018,0.0,1414.7354526743736,33.56144719933113,30.205302479398014,0.0
2.2800000000000002,18.186710744929854,15.439834280508022,55.583403409828875,5.91434084776,2831.5643705733232,51.0306904761905,51.0306904761905,1764.0722653570754,35.156840249999995,315.3879624924355,0.0,1413.52746261464,33.62590547648594,30.263314928837346,0.0
2.285,18.263983845592993,15.469405984746821,55.689861545088554,5.9092811260874365,2836.987627233884,51.0306904761905,51.0306904761905,1764.0722653570754,35.156840249999995,316.59723597217817,0.0,1412.3181891348972,33.690308715111875,30.32127784360069,0.0
2.29,18.341404741530802,15.498952390377259,55.79622860535813,5.904216063885184,2842.40624429555,51.0306904761905,51.0306904761905,1764.0722653570754,35.156840249999995,317.80778583851634,0.0,1411.107639268559,33.75465685673367,30.3791911710603,0.0
2.295,18.418973306183485,15.528473470696685,55.902504494508065,5.899145690570346,2847.8202168612306,51.0306904761905,51.0306904761905,1764.0722653570754,35.156840249999995,319.01960506076296,0.0,1409.8958200463126,33.818949843196485,30.43705485887683,0.0
2.3000000000000003,18.4966894128581,15.557969199149538,56.008689116938335,5.894070035548307,2853.229540060809,51.0306904761905,51.0306904761905,1764.0722653570754,35.156840249999995,320.23268661103015,0.0,1408.6827384960452,33.88318761666584,30.494868854999254,0.0
2.305,18.574552934729294,15.587439549327279,56.1147823775782,5.88898912821244,2858.6342090511334,51.0306904761905,51.0306904761905,1764.0722653570754,35.156840249999995,321.4470234643023,0.0,1407.4684016427732,33.947370119627465,30.552633107664715,0.0
2.31,18.65256374484003,15.61688449496834,56.220784181886025,5.883902997943794,2864.034219016005,51.0306904761905,51.0306904761905,1764.0722653570754,35.156840249999995,322.66260859850854,0.0,1406.2528165085669,34.01149729488714,30.61034756539843,0.0
2.315,18.730721716102344,15.64630400995806,56.326694435849014,5.878811674110796,2869.429565166164,51.0306904761905,51.0306904761905,1764.0722653570754,35.156840249999995,323.8794349945952,0.0,1405.0359901124802,34.07556908557063,30.668012177013562,0.0
2.32,18.80902672129806,15.675698068328614,56.432513045983015,5.873715186068943,2874.820242739283,51.0306904761905,51.0306904761905,1764.0722653570754,35.156840249999995,325.0974956365981,0.0,1403.8179294704773,34.139585435123436,30.725626891611096,0.0
2.325,18.887478633079528,15.70506664425896,56.538239919332256,5.868613563160507,2880.206246999953,51.0306904761905,51.0306904761905,1764.0722653570754,35.156840249999995,326.31678351171416,0.0,1402.5986415953612,34.2035462873108,30.783191658579717,0.0
2.33,18.96607732397036,15.734409712074761,56.643874963469145,5.863506834714235,2885.5875732396667,51.0306904761905,51.0306904761905,1764.0722653570754,35.156840249999995,327.5372916103733,0.0,1401.378133496702,34.26745158621739,30.840706427595656,0.0
2.335,19.04482266636617,15.763727246248333,56.749418086494,5.858395030045042,2890.964216776816,51.0306904761905,51.0306904761905,1764.0722653570754,35.156840249999995,328.7590129263102,0.0,1400.156412180765,34.331301276247345,30.89817114862261,0.0
2.34,19.123714532535285,15.79301922139856,56.854869197034816,5.853278178453724,2896.3361729566705,51.0306904761905,51.0306904761905,1764.0722653570754,35.156840249999995,329.9819404566353,0.0,1398.93348465044,34.395095302123934,30.95558577191154,0.0
2.345,19.20275279461951,15.822285612290829,56.96022820424698,5.848156309226652,2901.703437151367,51.0306904761905,51.0306904761905,1764.0722653570754,35.156840249999995,331.20606720190574,0.0,1397.7093579051698,34.458833608889556,31.0129502480006,0.0
2.35,19.281937324634832,15.851526393836961,57.06549501781306,5.843029451635477,2907.066004759899,51.0306904761905,51.0306904761905,1764.0722653570754,35.156840249999995,332.43138616619643,0.0,1396.484038940879,34.522516141905484,31.070264527714937,0.0
2.355,19.36126799447216,15.880741541095139,57.1706695479425,5.837897634936839,2912.423871208099,51.0306904761905,51.0306904761905,1764.0722653570754,35.156840249999995,333.65789035717074,0.0,1395.2575347499046,34.58614284685174,31.127528562166567,0.0
2.36,19.440744675898074,15.909931029269822,57.27575170537136,5.832760888372071,2917.7770319486294,51.0306904761905,51.0306904761905,1764.0722653570754,35.156840249999995,334.8855727861503,0.0,1394.029852320925,34.649713669726964,31.18474230275427,0.0
2.365,19.520367240555526,15.939094833711684,57.38074140136206,5.827619241166901,2923.125482460964,51.0306904761905,51.0306904761905,1764.0722653570754,35.156840249999995,336.1144264681861,0.0,1392.8009986388893,34.713228556848186,31.241905701163372,0.0
2.37,19.6001355599646,15.968232929917518,57.48563854770306,5.822472722531164,2928.469218251376,51.0306904761905,51.0306904761905,1764.0722653570754,35.156840249999995,337.3444444221272,0.0,1391.5709806849482,34.77668745485067,31.299018709365605,0.0
2.375,19.68004950552322,15.997345293530174,57.59044305670863,5.81732136165851,2933.8082348529224,51.0306904761905,51.0306904761905,1764.0722653570754,35.156840249999995,338.57561967069154,0.0,1390.3398054363838,34.8400903106878,31.356081279619016,0.0
2.38,19.76010894850789,16.026431900338466,57.695154841218475,5.812165187726112,2939.1425278254333,51.0306904761905,51.0306904761905,1764.0722653570754,35.156840249999995,339.8079452405346,0.0,1389.1074798665409,34.90343707163083,31.413093364467752,0.0
2.3850000000000002,19.84031376007443,16.055492726277095,57.79977381459754,5.807004229894377,2944.472092755488,51.0306904761905,51.0306904761905,1764.0722653570754,35.156840249999995,341.04141416231903,0.0,1387.8740109447563,34.966727685268744,31.47005491674187,0.0
2.39,19.92066381125869,16.084527747426566,57.90429989073564,5.801838517306661,2949.796925256409,51.0306904761905,51.0306904761905,1764.0722653570754,35.156840249999995,342.2760194707836,0.0,1386.639405636292,35.02996209950804,31.52696588955724,0.0
2.395,20.00115897297729,16.1135369400131,58.00873298404716,5.79666807908897,2955.117020968241,51.0306904761905,51.0306904761905,1764.0722653570754,35.156840249999995,343.51175420481155,0.0,1385.403670902264,35.09314026257262,31.583826236315357,0.0
2.4,20.081799116028343,16.142520280408544,58.11307300947076,5.79149294434969,2960.432375557736,51.0306904761905,51.0306904761905,1764.0722653570754,35.156840249999995,344.74861140749965,0.0,1384.1668136995759,35.15626212300349,31.640635910703143,0.0
2.4050000000000002,20.162584111092187,16.171477745130293,58.217319882469056,5.786313142179285,2965.742984718338,51.0306904761905,51.0306904761905,1764.0722653570754,35.156840249999995,345.98658412622626,0.0,1382.9288409808491,35.21932762965868,31.697394866692807,0.0
2.41,20.243513828732116,16.200409310841188,58.32147351902828,5.781128701650027,2971.0488441701646,51.0306904761905,51.0306904761905,1764.0722653570754,35.156840249999995,347.22566541271897,0.0,1381.6897596943563,35.282336731712924,31.754103058541634,0.0
2.415,20.324588139395093,16.229314954349437,58.42553383565797,5.775939651815699,2976.3499496599934,51.0306904761905,51.0306904761905,1764.0722653570754,35.156840249999995,348.46584832312317,0.0,1380.4495767839521,35.34528937865762,31.810760440791856,0.0
2.42,20.405806913412487,16.258194652608516,58.52950074939066,5.770746021711323,2981.6462969612435,51.0306904761905,51.0306904761905,1764.0722653570754,35.156840249999995,349.70712591806904,0.0,1379.2082991890063,35.40818552030049,31.867366968270442,0.0
2.4250000000000003,20.4871700210008,16.287048382717074,58.63337417778147,5.765547840352871,2986.937881873957,51.0306904761905,51.0306904761905,1764.0722653570754,35.156840249999995,350.9494912627392,0.0,1377.9659338443362,35.47102510676543,31.923922596088886,0.0
2.43,20.56867733226239,16.315876121918837,58.73715403890782,5.760345136736989,2992.2247002247823,51.0306904761905,51.0306904761905,1764.0722653570754,35.156840249999995,352.1929374269351,0.0,1376.7224876801404,35.533808088492314,31.98042727964308,0.0
2.435,20.65032871718619,16.344677847602522,58.84084025136908,5.755137939840712,2997.5067478669584,51.0306904761905,51.0306904761905,1764.0722653570754,35.156840249999995,353.4374574851451,0.0,1375.4779676219302,35.59653441623678,32.0368809746131,0.0
2.44,20.73212404564845,16.373453537301724,58.94443273428621,5.749926278621195,3002.784020680294,51.0306904761905,51.0306904761905,1764.0722653570754,35.156840249999995,354.6830445166099,0.0,1374.2323805904655,35.65920404106996,32.093283636962965,0.0
2.445,20.814063187413442,16.40220316869483,59.047931407301384,5.744710182015421,3008.056514571152,51.0306904761905,51.0306904761905,1764.0722653570754,35.156840249999995,355.9296916053898,0.0,1372.9857335016857,35.72181691437837,32.14963522294054,0.0
2.45,20.896146012134192,16.430926719604905,59.15133619057766,5.73948967893994,3013.3242254724273,51.0306904761905,51.0306904761905,1764.0722653570754,35.156840249999995,357.17739184042995,0.0,1371.7380332666455,35.784372987863605,32.20593568907724,0.0
2.455,20.9783723893532,16.459624167999603,59.25464700479857,5.734264798290579,3018.5871493435325,51.0306904761905,51.0306904761905,1764.0722653570754,35.156840249999995,358.426138315627,0.0,1370.4892867914484,35.84687221354213,32.26218499218791,0.0
2.46,21.060742188503177,16.488295491991057,59.35786377116781,5.729035568942181,3023.845282170376,51.0306904761905,51.0306904761905,1764.0722653570754,35.156840249999995,359.67592412989427,0.0,1369.2395009771813,35.90931454374508,32.31838308937057,0.0
2.465,21.143255278907745,16.51694066983577,59.46098641140877,5.723802019748318,3029.0986199653435,51.0306904761905,51.0306904761905,1764.0722653570754,35.156840249999995,360.9267423872275,0.0,1367.988682719848,35.97169993111801,32.37452993800621,0.0
2.47,21.225911529782174,16.54555967993451,59.564014847764234,5.718564179541031,3034.3471587672766,51.0306904761905,51.0306904761905,1764.0722653570754,35.156840249999995,362.17858619676923,0.0,1366.7368389103062,36.034028328620685,32.43062549575862,0.0
2.475,21.308710810234093,16.574152500832216,59.66694900299598,5.713322077130546,3039.5908946414593,51.0306904761905,51.0306904761905,1764.0722653570754,35.156840249999995,363.43144867287504,0.0,1365.4839764342005,36.096299689526816,32.486669720574135,0.0
2.48,21.39165298926422,16.60271911121787,59.76978880038433,5.708075741305015,3044.8298236795895,51.0306904761905,51.0306904761905,1764.0722653570754,35.156840249999995,364.6853229351767,0.0,1364.2301021718986,36.15851396742384,32.54266257068146,0.0
2.485,21.474737935767074,16.631259489924393,59.87253416372781,5.702825200830241,3050.0639419997633,51.0306904761905,51.0306904761905,1764.0722653570754,35.156840249999995,365.9402021086478,0.0,1362.9752229984276,36.220671116212685,32.59860400459142,0.0
2.49,21.557965518531706,16.659773615928543,59.97518501734276,5.697570484449407,3055.2932457464567,51.0306904761905,51.0306904761905,1764.0722653570754,35.156840249999995,367.19607932366716,0.0,1361.7193457834082,36.28277109010752,32.65449398109677,0.0
2.495,21.641335606242404,16.68826146835079,60.07774128606285,5.692311620882813,3060.517731090502,51.0306904761905,51.0306904761905,1764.0722653570754,35.156840249999995,368.4529477160832,0.0,1360.4624773909923,36.34481384363552,32.71033245927197,0.0
2.5,21.724848067479417,16.716723026455206,60.18020289523874,5.6870486388276085,3065.737394229063,51.0306904761905,51.0306904761905,1764.0722653570754,35.156840249999995,369.710800427277,0.0,1359.2046246797984,36.40679933163656,32.76611939847291,0.0
2.505,21.80850277071968,16.745158269649345,60.282569770737645,5.681781566957527,3070.9522313856223,51.0306904761905,51.0306904761905,1764.0722653570754,35.156840249999995,370.9696306042265,0.0,1357.945794502849,36.46872750926307,32.82185475833676,0.0
2.5100000000000002,21.892299584337515,16.773567177484132,60.384841838942876,5.676510433922621,3076.162238809953,51.0306904761905,51.0306904761905,1764.0722653570754,35.156840249999995,372.2294313995691,0.0,1356.6859937075064,36.530598331979654,32.87753849878169,0.0
2.515,21.97623837660536,16.801949729653746,60.48701902675349,5.671235268348999,3081.3674127781014,51.0306904761905,51.0306904761905,1764.0722653570754,35.156840249999995,373.4901959716647,0.0,1355.4252291354107,36.59241175556294,32.933170580006646,0.0
2.52,22.060319015694482,16.83030590599549,60.58910126158377,5.6659560988385635,3086.5677495923596,51.0306904761905,51.0306904761905,1764.0722653570754,35.156840249999995,374.75191748465863,0.0,1354.1635076224168,36.65416773610128,32.988750962491146,0.0
2.525,22.144541369675693,16.858635686489684,60.69108847136287,5.660672953968753,3091.763245581251,51.0306904761905,51.0306904761905,1764.0722653570754,35.156840249999995,376.0145891085436,0.0,1352.9008359985319,36.71586622999444,33.044279606995,0.0
2.5300000000000002,22.22890530652007,16.886939051259528,60.792980584534305,5.655385862292273,3096.953897099499,51.0306904761905,51.0306904761905,1764.0722653570754,35.156840249999995,377.2782040192222,0.0,1351.6372210878533,36.777507193953404,33.09975647455806,0.0
2.535,22.313410694099645,16.915215980570988,60.894777530055556,5.650094852336848,3102.1397005280132,51.0306904761905,51.0306904761905,1764.0722653570754,35.156840249999995,378.5427553985687,0.0,1350.3726697085067,36.83909058500008,33.15518152650007,0.0
2.54,22.398057400188154,16.943466454832674,60.99647923739763,5.644799952604956,3107.320652273861,51.0306904761905,51.0306904761905,1764.0722653570754,35.156840249999995,379.80823643449105,0.0,1349.1071886725845,36.90061636046702,33.21055472442032,0.0
2.545,22.482845292461725,16.9716904545957,61.09808563654452,5.639501191573573,3112.4967487702424,51.0306904761905,51.0306904761905,1764.0722653570754,35.156840249999995,381.0746403209913,0.0,1347.840784786084,36.96208447799714,33.265876030197425,0.0
2.5500000000000003,22.5677742384996,16.999887960553565,61.199596657992835,5.634198597693923,3117.6679864764737,51.0306904761905,51.0306904761905,1764.0722653570754,35.156840249999995,382.34196025822786,0.0,1346.5734648488476,37.02349489554346,33.321145405989114,0.0
2.555,22.652844105784837,17.028058953542036,61.30101223275133,5.6288921993912115,3122.834361877959,51.0306904761905,51.0306904761905,1764.0722653570754,35.156840249999995,383.610189452576,0.0,1345.3052356544995,37.084847571368805,33.37636281423192,0.0
2.56,22.73805476170504,17.05620341453899,61.40233229234037,5.623582025064382,3127.995871486166,51.0306904761905,51.0306904761905,1764.0722653570754,35.156840249999995,384.87932111668806,0.0,1344.0361039903873,37.14614246404553,33.431528217640974,0.0
2.565,22.82340607355305,17.084321324664312,61.503556768791526,5.618268103085862,3133.1525118386053,51.0306904761905,51.0306904761905,1764.0722653570754,35.156840249999995,386.1493484695544,0.0,1342.766076637521,37.20737953245526,33.48664157920974,0.0
2.57,22.908897908527656,17.112412665179743,61.60468559464708,5.612950461801304,3138.3042794988023,51.0306904761905,51.0306904761905,1764.0722653570754,35.156840249999995,387.4202647365636,0.0,1341.4951603705117,37.26855873578855,33.541702862209696,0.0
2.575,22.994530133734326,17.14047741748875,61.7057187029595,5.6076291295293474,3143.4511710562774,51.0306904761905,51.0306904761905,1764.0722653570754,35.156840249999995,388.6920631495615,0.0,1340.223361957514,37.329680033544655,33.59671203019019,0.0
2.58,23.08030261618589,17.168515563136395,61.80665602729103,5.602304134561354,3148.593183126514,51.0306904761905,51.0306904761905,1764.0722653570754,35.156840249999995,389.9647369469117,0.0,1338.9506881601637,37.390743385531145,33.65166904697803,0.0
2.585,23.166215222803256,17.1965270838092,61.907497501713124,5.596975505161175,3153.73031235094,51.0306904761905,51.0306904761905,1764.0722653570754,35.156840249999995,391.2382793735546,0.0,1337.6771457335208,37.4517487518637,33.706573876677325,0.0
2.59,23.25226782041612,17.224511961335008,62.00824306080603,5.591643269564892,3158.8625553969014,51.0306904761905,51.0306904761905,1764.0722653570754,35.156840249999995,392.5126836810665,0.0,1336.402741426009,37.51269609296579,33.76142648366921,0.0
2.595,23.338460275763662,17.25247017768283,62.108892639658194,5.586307455980574,3163.989908957634,51.0306904761905,51.0306904761905,1764.0722653570754,35.156840249999995,393.7879431277183,0.0,1335.127481979357,37.57358536956832,33.816226832611484,0.0
2.6,23.424792455495275,17.280401714962732,62.209446173865835,5.580968092588039,3169.112369752239,51.0306904761905,51.0306904761905,1764.0722653570754,35.156840249999995,395.06405097853417,0.0,1333.8513741285412,37.63441654270938,33.87097488843845,0.0
2.605,23.51126422617125,17.308306555425673,62.309903599532426,5.575625207538598,3174.2299345256606,51.0306904761905,51.0306904761905,1764.0722653570754,35.156840249999995,396.34100050535034,0.0,1332.574424601725,37.695189573733934,33.92567061636054,0.0
2.61,23.597875454263473,17.336184681463365,62.41026485326812,5.570278828954826,3179.3426000486534,51.0306904761905,51.0306904761905,1764.0722653570754,35.156840249999995,397.6187849868721,0.0,1331.2966401202034,37.75590442429346,33.980313981864114,0.0
2.615,23.684626006156154,17.36403607560814,62.51052987218931,5.564928984930304,3184.4503631177627,51.0306904761905,51.0306904761905,1764.0722653570754,35.156840249999995,398.89739770873274,0.0,1330.0180273983426,37.816561056345726,34.03490495071115,0.0
2.62,23.771515748146506,17.391860720532794,62.61069859391806,5.559575703529394,3189.5532205552913,51.0306904761905,51.0306904761905,1764.0722653570754,35.156840249999995,400.17683196355034,0.0,1328.7385931435251,37.87715943215435,34.08944348893892,0.0
2.625,23.858544546445465,17.41965859905044,62.710770956581584,5.554219012786987,3194.651169209278,51.0306904761905,51.0306904761905,1764.0722653570754,35.156840249999995,401.4570810509854,0.0,1327.45834405609,37.9376995142886,34.14392956285974,0.0
2.63,23.94571226717838,17.447429694114376,62.81074689881176,5.548858940708276,3199.7442059534687,51.0306904761905,51.0306904761905,1764.0722653570754,35.156840249999995,402.7381382777977,0.0,1326.1772868292778,37.998181265623025,34.198363139060724,0.0
2.6350000000000002,24.03301877638571,17.475173988817918,62.910626359744505,5.543495515268502,3204.8323276872893,51.0306904761905,51.0306904761905,1764.0722653570754,35.156840249999995,404.0199969579034,0.0,1324.895428149172,38.05860464933712,34.252744184403404,0.0
2.64,24.12046394002374,17.50289146639426,63.010409279019335,5.53812876441274,3209.9155313358165,51.0306904761905,51.0306904761905,1764.0722653570754,35.156840249999995,405.30265041243075,0.0,1323.6127746946447,38.118969628914996,34.307072666023494,0.0
2.645,24.208047623965264,17.530582110216322,63.11009559677876,5.532758716055641,3214.993813849754,51.0306904761905,51.0306904761905,1764.0722653570754,35.156840249999995,406.5860919697773,0.0,1322.3293331372981,38.179276168145094,34.361348551330586,0.0
2.65,24.295769694000295,17.5582459037966,63.20968525366776,5.527385398081214,3220.0671722054,51.0306904761905,51.0306904761905,1764.0722653570754,35.156840249999995,407.87031496566544,0.0,1321.04511014141,38.23952423111982,34.41557180800785,0.0
2.6550000000000002,24.383630015836754,17.585882830787007,63.30917819083323,5.522008838342584,3225.1356034046235,51.0306904761905,51.0306904761905,1764.0722653570754,35.156840249999995,409.15531274319784,0.0,1319.7601123638776,38.299713782235216,34.4697424040117,0.0
2.66,24.47162845510117,17.61349287497872,63.4085743499234,5.516629064661766,3230.199104474833,51.0306904761905,51.0306904761905,1764.0722653570754,35.156840249999995,410.44107865291335,0.0,1318.474346454162,38.35984478619064,34.523860307571574,0.0
2.665,24.559764877339372,17.64107602030203,63.50787367308731,5.51124610482943,3235.257672468949,51.0306904761905,51.0306904761905,1764.0722653570754,35.156840249999995,411.7276060528416,0.0,1317.1878190542338,38.41991720798836,34.57792548718953,0.0
2.67,24.648039148017194,17.668632250826178,63.60707610297424,5.505859986604671,3240.311304465374,51.0306904761905,51.0306904761905,1764.0722653570754,35.156840249999995,413.0148883085589,0.0,1315.9005367985164,38.479931012933356,34.631937911640016,0.0
2.6750000000000003,24.736451132521157,17.6961615507592,63.70618158273312,5.500470737714785,3245.3599975679667,51.0306904761905,51.0306904761905,1764.0722653570754,35.156840249999995,414.30291879324176,0.0,1314.6125063138336,38.53988616663278,34.68589754996951,0.0
2.68,24.825000696159176,17.723663904447776,63.805190056011995,5.495078385855033,3250.4037489060097,51.0306904761905,51.0306904761905,1764.0722653570754,35.156840249999995,415.5916908877224,0.0,1313.323734219353,38.59978263499581,34.739804371496234,0.0
2.685,24.91368770416124,17.75113929637705,63.904101466957385,5.489682958688425,3255.442555634181,51.0306904761905,51.0306904761905,1764.0722653570754,35.156840249999995,416.88119798054174,0.0,1312.0342271265336,38.65962038423316,34.793658345809845,0.0
2.69,25.00251202168011,17.778587711170495,64.00291576021378,5.484284483845485,3260.476414932526,51.0306904761905,51.0306904761905,1764.0722653570754,35.156840249999995,418.1714334680043,0.0,1310.743991639071,38.719399380856785,34.847459442771104,0.0
2.695,25.09147351379201,17.806009133589722,64.101632880923,5.478882988924036,3265.505324006424,51.0306904761905,51.0306904761905,1764.0722653570754,35.156840249999995,419.46239075423085,0.0,1309.4530343528445,38.7791195916795,34.90120763251156,0.0
2.7,25.180572045497318,17.833403548534342,64.20025277472364,5.473478501488966,3270.5292800865614,51.0306904761905,51.0306904761905,1764.0722653570754,35.156840249999995,420.7540632512126,0.0,1308.1613618558629,38.838780983814665,34.9549028854332,0.0
2.705,25.26980748172126,17.860770941041785,64.29877538775042,5.468071049072015,3275.548280428903,51.0306904761905,51.0306904761905,1764.0722653570754,35.156840249999995,422.0464443788638,0.0,1306.8689807282117,38.8983835246758,35.00854517220822,0.0
2.71,25.35917968731458,17.888111296287146,64.39720066663372,5.462660659171552,3280.562322314659,51.0306904761905,51.0306904761905,1764.0722653570754,35.156840249999995,423.3395275650747,0.0,1305.5758975420008,38.95792718197625,35.06213446377863,0.0
2.715,25.448688527054255,17.915424599583005,64.49552855849882,5.457247359252349,3285.571403050251,51.0306904761905,51.0306904761905,1764.0722653570754,35.156840249999995,424.63330624576395,0.0,1304.2821188613116,39.01741192372873,35.115670731355856,0.0
2.72,25.538333865644162,17.942710836379266,64.59375901096536,5.451831176745375,3290.575519967286,51.0306904761905,51.0306904761905,1764.0722653570754,35.156840249999995,425.9277738649307,0.0,1302.9876512421447,39.07683771824508,35.16915394642057,0.0
2.725,25.628115567715767,17.969969992262993,64.69189197214678,5.446412139047566,3295.5746704225276,51.0306904761905,51.0306904761905,1764.0722653570754,35.156840249999995,427.2229238747073,0.0,1301.6925012323682,39.13620453413585,35.222584080722264,0.0
2.73,25.71803349782882,17.99720205295823,64.78992739064962,5.440990273521612,3300.568851797859,51.0306904761905,51.0306904761905,1764.0722653570754,35.156840249999995,428.51874973541015,0.0,1300.3966753716652,39.195512340309904,35.27596110627892,0.0
2.735,25.808087520472032,18.024407004325838,64.88786521557302,5.4355656074957475,3305.558061500256,51.0306904761905,51.0306904761905,1764.0722653570754,35.156840249999995,429.81524491559196,0.0,1299.1001801914836,39.25476110597409,35.329284995376675,0.0
2.74,25.898277500063756,18.051584832363318,64.98570539650795,5.430138168263527,3310.54229696175,51.0306904761905,51.0306904761905,1764.0722653570754,35.156840249999995,431.1124028920924,0.0,1297.803022214983,39.31395080063281,35.38255572056953,0.0
2.745,25.988603300952676,18.078735523204635,65.08344788353669,5.424707983083625,3315.521555639402,51.0306904761905,51.0306904761905,1764.0722653570754,35.156840249999995,432.41021715008907,0.0,1296.5052079569864,39.37308139408769,35.43577325467892,0.0
2.75,26.07906478741849,18.105859063120054,65.18109262723219,5.41927507917961,3320.4958350152674,51.0306904761905,51.0306904761905,1764.0722653570754,35.156840249999995,433.70868118314854,0.0,1295.2067439239268,39.43215285643719,35.488937570793475,0.0
2.755,26.16966182367258,18.132955438515953,65.27863957865743,5.413839483739744,3325.465132596368,51.0306904761905,51.0306904761905,1764.0722653570754,35.156840249999995,435.00778849327656,0.0,1293.9076366137988,39.49116515807622,35.542048642268604,0.0
2.7600000000000002,26.260394273858708,18.16002463593465,65.37608868936475,5.408401223916769,3330.4294459146495,51.0306904761905,51.0306904761905,1764.0722653570754,35.156840249999995,436.30753259096775,0.0,1292.6078925161078,39.55011826969572,35.59510644272615,0.0
2.765,26.35126200205368,18.187066642054234,65.47343991139525,5.402960326827695,3335.3887725269637,51.0306904761905,51.0306904761905,1764.0722653570754,35.156840249999995,437.6079069952564,0.0,1291.307518111819,39.609012162282355,35.64811094605412,0.0
2.77,26.442264872268037,18.21408144368837,65.57069319727815,5.3975168195536,3340.343110015022,51.0306904761905,51.0306904761905,1764.0722653570754,35.156840249999995,438.90890523376515,0.0,1290.0065198733103,39.66784680711804,35.701062126406235,0.0
2.775,26.533402748446722,18.24106902778614,65.6678485000301,5.392070729139416,3345.2924559853714,51.0306904761905,51.0306904761905,1764.0722653570754,35.156840249999995,440.21052084275493,0.0,1288.7049042643205,39.72662217577961,35.75395995820165,0.0
2.7800000000000002,26.624675494469766,18.268029381431838,65.76490577315462,5.386622082593731,3350.236808069357,51.0306904761905,51.0306904761905,1764.0722653570754,35.156840249999995,441.51274736717363,0.0,1287.4026777399017,39.78533824013837,35.806804416124535,0.0
2.785,26.71608297415296,18.294962491844807,65.8618649706413,5.381170906888579,3355.176163923089,51.0306904761905,51.0306904761905,1764.0722653570754,35.156840249999995,442.815578360705,0.0,1286.0998467463705,39.843994972359745,35.859595475123776,0.0
2.79,26.80762505124852,18.32186834637925,65.95872604696531,5.375717228959238,3360.1105212274115,51.0306904761905,51.0306904761905,1764.0722653570754,35.156840249999995,444.1190073858174,0.0,1284.796417721258,39.90259234490288,35.91233311041259,0.0
2.795,26.89930158944578,18.348746932524048,66.05548895708657,5.370261075704033,3365.039877687868,51.0306904761905,51.0306904761905,1764.0722653570754,35.156840249999995,445.42302801381146,0.0,1283.492397093264,39.96113033052024,35.965017297468215,0.0
2.8000000000000003,26.991112452371848,18.37559823790257,66.15215365644924,5.361185887018533,3369.9642310346635,51.00568633824142,51.00568633824142,1763.2079010722982,35.156840249999995,446.7276338248689,0.0,1281.3234269974294,40.00000000000001,36.00000000000001,1.0
2.805,27.08305745838495,18.40240416733766,66.24865500241557,5.344982174373421,3374.8802627309587,50.93138871841203,50.93138871841203,1760.6395178248831,35.156840249999995,448.0319378996355,0.0,1277.4507396752476,40.0,36.0,1.0
2.81,27.175136291498816,18.429129078209527,66.3448646815543,5.328850637307072,3379.7814361539827,50.85753081561567,50.85753081561567,1758.0863350894606,35.156840249999995,449.3341925230704,0.0,1273.5953023163902,40.0,36.0,1.0
2.815,27.267348547522833,18.455773331396063,66.44078399302583,5.312790713389058,3384.667817486377,50.784108753957156,50.784108753957156,1755.548218880793,35.156840249999995,450.63439813080817,0.0,1269.7569804999848,40.0,36.0,1.0
2.82,27.35969382406373,18.48233728496301,66.53641422586684,5.2968018469580205,3389.5394723950494,50.71111870480485,50.71111870480485,1753.0250368474888,35.156840249999995,451.932555174522,0.0,1265.935641422967,40.0,36.0,1.0
2.825,27.45217172051163,18.508821294197798,66.63175665911207,5.280883489015187,3394.396466037386,50.638556886051674,50.638556886051674,1750.5166582464572,35.156840249999995,453.2286641218274,0.0,1262.1311538746297,39.99999999999999,35.99999999999999,1.0
2.83,27.544781838026232,18.535225711642873,66.72681256191434,5.265035097119917,3399.23886306736,50.56641956139015,50.56641956139015,1748.0229539178467,35.156840249999995,454.5227254561867,0.0,1258.34338821166,40.0,36.0,1.0
2.835,27.63752377952316,18.561550887128472,66.8215831936625,5.249256135287238,3404.0667276415425,50.494703039601276,50.494703039601276,1745.543796260463,35.156840249999995,455.81473967681325,0.0,1254.57221633365,40.0,36.0,1.0
2.84,27.730397149660494,18.587797167804908,66.91606980409767,5.233546073887338,3408.880123425025,50.423403673856846,50.423403673856846,1743.07905920765,35.156840249999995,457.1047072985765,0.0,1250.8175116590737,40.0,36.0,1.0
2.845,27.82340155482544,18.613964898174345,67.01027363342764,5.217904389546939,3413.679113597245,50.352517861034876,50.352517861034876,1740.6286182036256,35.156840249999995,458.3926288519074,0.0,1247.0791491017183,40.0,36.0,1.0
2.85,27.916536603121184,18.64005442012208,67.1041959124395,5.202330565052549,3418.463760857724,50.282042041047944,50.282042041047944,1738.1923501802632,35.156840249999995,459.6785048827041,0.0,1243.3570050475591,40.0,36.0,1.0
2.855,28.009801904353857,18.666066072947345,67.19783786261044,5.186824089255516,3423.2341274317187,50.21197269618408,50.21197269618408,1735.7701335343068,35.156840249999995,460.96233595223833,0.0,1239.6509573320684,40.0,36.0,1.0
2.86,28.10319707001971,18.69200019339362,67.29120069621703,5.171384456978871,3427.9902750757738,50.14230635045997,50.14230635045997,1733.3618481050116,35.156840249999995,462.2441226370613,0.0,1235.9608852179504,40.0,36.0,1.0
2.865,28.19672171329239,18.717857115678516,67.38428561644265,5.156011168925898,3432.7322650832066,50.073039568986175,50.073039568986175,1730.9673751522014,35.156840249999995,463.52386552891187,0.0,1232.2866693732894,39.99999999999999,35.99999999999999,1.0
2.87,28.290375449010394,18.743637171523144,67.47709381748332,5.140703731590418,3437.4601582894957,50.00416895734417,50.00416895734417,1728.5865973347325,35.156840249999995,464.8015652346225,0.0,1228.62819185011,40.0,36.0,1.0
2.875,28.384157893664653,18.769340690181096,67.56962648465195,5.125461657168721,3442.1740150775895,49.935691160974756,49.935691160974756,1726.2193986893524,35.156840249999995,466.0772223760281,0.0,1224.9853360633242,40.0,36.0,1.0
2.88,28.47806866538627,18.79496799846694,67.66188479448098,5.110284463473135,3446.873895383138,49.8676028645779,49.8676028645779,1723.8656646099525,35.156840249999995,467.35083758987344,0.0,1221.3579867700792,40.0,36.0,1.0
2.8850000000000002,28.572107383934398,18.820519420784308,67.75386991482351,5.09517167384719,3451.559858699641,49.7999007915235,49.7999007915235,1721.5252818272002,35.156840249999995,468.62241152772185,0.0,1217.7460300494783,40.0,36.0,1.0
2.89,28.666273670684244,18.845995279153545,67.84558300495276,5.080122817082329,3456.231964083516,49.73258170327295,49.73258170327295,1719.1981383885409,35.156840249999995,469.89194485586415,0.0,1214.1493532826767,40.0,36.0,1.0
2.895,28.760567148615223,18.871395893238958,67.93702521566026,5.065137427336142,3460.890270159102,49.66564239881118,49.66564239881118,1716.884123638566,35.156840249999995,471.1594382552282,0.0,1210.5678451333379,40.0,36.0,1.0
2.9,28.854987442299258,18.89672158037564,68.02819768935231,5.0502150440521,3465.534835123575,49.599079714089136,49.599079714089136,1714.58312819974,35.156840249999995,472.4248924212881,0.0,1207.001395528452,39.99999999999999,35.99999999999999,1.0
2.9050000000000002,28.949534177889188,18.9219726555959,68.11910156014525,5.035355211880749,3470.1657167517947,49.532890521476304,49.532890521476304,1712.2950439534734,35.156840249999995,473.68830806397443,0.0,1203.4498956394991,40.00000000000001,36.00000000000001,1.0
2.91,29.044206983107316,18.947149431655305,68.2097379539591,5.02055748060231,3474.7829724010803,49.46707172922301,49.46707172922301,1710.0197640215367,35.156840249999995,474.94968590758464,0.0,1199.9132378639522,40.0,36.0,1.0
2.915,29.139005487234098,18.972252219058316,68.30010798860994,5.005821405050712,3479.3866590159155,49.401620280932605,49.401620280932605,1707.7571827478143,35.156840249999995,476.2090266906941,0.0,1196.3913158071202,40.0,36.0,1.0
2.92,29.233929321096955,18.99728132608357,68.39021277390086,4.991146545038959,3483.97683313258,49.33653315504293,49.33653315504293,1705.5071956803781,35.156840249999995,477.4663311660669,0.0,1192.8840242643114,40.00000000000001,36.00000000000001,1.0
2.9250000000000003,29.328978117059187,19.022237058808766,68.48005341171157,4.976532465285852,3488.5535508837165,49.271807364317134,49.271807364317134,1703.2696995538863,35.156840249999995,478.72160010056774,0.0,1189.3912592033187,40.0,36.0,1.0
2.93,29.424151509009047,19.047119721135196,68.56963099608672,4.961978735344022,3493.1168680028304,49.207439955343546,49.207439955343546,1701.0445922722947,35.156840249999995,479.9748342750734,0.0,1185.9129177472214,40.0,36.0,1.0
2.935,29.519449132348914,19.071929614811918,68.65894661332291,4.9474849295292485,3497.66683982872,49.143428008044424,49.143428008044424,1698.831772891876,35.156840249999995,481.2260344843856,0.0,1182.4488981574905,40.0,36.0,1.0
2.94,29.61487062398459,19.096667039459565,68.74800134205444,4.933050626851016,3502.2035213098457,49.07976863519343,49.07976863519343,1696.631141604536,35.156840249999995,482.4752015371433,0.0,1178.9990998173928,40.0,36.0,1.0
2.945,29.710415622314724,19.12133229259382,68.83679625333775,4.918675410944326,3506.726967008631,49.016458981941575,49.016458981941575,1694.4425997214298,35.156840249999995,483.7223362557358,0.0,1175.563423215694,40.0,36.0,1.0
2.95,29.80608376722033,19.14592566964854,68.92533241073475,4.9043588700026906,3511.2372311057106,48.953496225351465,48.953496225351465,1692.2660496568592,35.156840249999995,484.96743947621627,0.0,1172.141769930643,39.99999999999999,35.99999999999999,1.0
2.955,29.901874700054446,19.170447463998556,69.0136108703948,4.890100596712322,3515.7343674041017,48.89087757393989,48.89087757393989,1690.1013949124604,35.156840249999995,486.21051204821566,0.0,1168.7340426142448,39.99999999999999,35.99999999999999,1.0
2.96,29.997788063631898,19.19489796698212,69.10163268113563,4.875900188187464,3520.2184293333326,48.82860026722813,48.82860026722813,1687.9485400616602,35.156840249999995,487.4515548348562,0.0,1165.340144976804,40.0,36.0,1.0
2.965,30.093823502219163,19.219277467923057,69.189398884523,4.861757245906876,3524.689469953494,48.76666157530039,48.76666157530039,1685.8073907344099,35.156840249999995,488.6905687126667,0.0,1161.9599817717433,40.0,36.0,1.0
2.97,30.189980661524352,19.243586254152593,69.27691051494934,4.847671375651382,3529.14754195925,48.70505879836965,48.70505879836965,1683.6778536021773,35.156840249999995,489.927554571497,0.0,1158.5934587806803,40.0,36.0,1.0
2.975,30.286259188687314,19.26782461103085,69.36416859971106,4.8336421874425675,3533.5926976837745,48.6437892663512,48.6437892663512,1681.5598363632068,35.156840249999995,491.1625133144332,0.0,1155.2404827987737,40.0,36.0,1.0
2.98,30.382658732269814,19.291992821968062,69.45117415908503,4.8196692954824725,3538.0249891026474,48.58285033844345,48.58285033844345,1679.4532477280243,35.156840249999995,492.39544585771336,0.0,1151.900961620311,39.99999999999999,35.99999999999999,1.0
2.985,30.47917894224585,19.316091168445475,69.5379282064037,4.8057523180943855,3542.4444678376826,48.52223940271601,48.52223940271601,1677.3579974052013,35.156840249999995,493.62635313064345,0.0,1148.574804024558,40.0,36.0,1.0
2.99,30.57581946999205,19.340119930035947,69.62443174812941,4.7918908776646045,3546.8511851607095,48.46195387570473,48.46195387570473,1675.2739960873541,35.156840249999995,494.85523607551374,0.0,1145.2619197618405,40.0,36.0,1.0
2.995,30.672579968278203,19.36407938442427,69.71068578392737,4.778084600585245,3551.245191997298,48.40199120201378,48.40199120201378,1673.2011554373885,35.156840249999995,496.08209564751496,0.0,1141.9622195398736,40.0,36.0,1.0
3.0,30.769460091257834,19.387969807427194,69.7966913067379,4.764333117197993,3555.626538930433,48.34234885392445,48.34234885392445,1671.1393880749765,35.156840249999995,497.30693281465625,0.0,1138.6756150103204,40.0,36.0,1.0
3.005,30.866459494458933,19.411791473013185,69.88244930284746,4.750636061738833,3559.995276204132,48.28302433101061,48.28302433101061,1669.088607563263,35.156840249999995,498.52974855768184,0.0,1135.4020187555811,39.99999999999999,35.99999999999999,1.0
3.0100000000000002,30.963577834774767,19.43554465332188,69.96796075195877,4.736993072283725,3564.3514537270235,48.224015159760675,48.224015159760675,1667.0487283957987,35.156840249999995,499.7505438699885,0.0,1132.1413442758103,40.0,36.0,1.0
3.015,31.06081477045478,19.4592296186833,70.05322662725987,4.723403790695169,3568.695121075858,48.16531889320596,48.16531889320596,1665.01966598369,35.156840249999995,500.9693197575445,0.0,1128.8935059761454,40.0,36.0,1.0
3.02,31.15816996109558,19.482846637636776,70.1382478954924,4.70986786256973,3573.0263274989884,48.106933110555325,48.106933110555325,1663.001336642973,35.156840249999995,502.1860772388075,0.0,1125.6584191541656,40.0,36.0,1.0
3.025,31.255643067632047,19.506395976949623,70.22302551701864,4.696384937186375,3577.3451219197927,48.048855416835806,48.048855416835806,1660.9936575821866,35.156840249999995,503.40081734464314,0.0,1122.4359999875435,40.0,36.0,1.0
3.0300000000000002,31.35323375232851,19.529877901635555,70.307560445888,4.682954667455747,3581.651552940048,47.99108344253948,47.99108344253948,1658.9965468901685,35.156840249999995,504.6135411182448,0.0,1119.2261655219236,39.99999999999999,35.99999999999999,1.0
3.035,31.45094167877003,19.553292674972834,70.3918536299022,4.669576709870261,3585.94566884326,47.93361484327611,47.93361484327611,1657.0099235240448,35.156840249999995,505.8242496150525,0.0,1116.0288336589924,40.0,36.0,1.0
3.04,31.548766511853767,19.576640558522186,70.47590601067988,4.656250724455006,3590.227517597952,47.876447299431454,47.876447299431454,1655.0337072974194,35.156840249999995,507.03294390267286,0.0,1112.8439231447464,40.0,36.0,1.0
3.045,31.646707917780436,19.599921812144462,70.55971852372006,4.642976374719527,3594.497146860899,47.819578515831466,47.819578515831466,1653.0678188687662,35.156840249999995,508.2396250607992,0.0,1109.671353557967,40.0,36.0,1.0
3.0500000000000003,31.744765564045842,19.62313669401806,70.64329209846503,4.629753327610345,3598.7546039803283,47.76300622141185,47.76300622141185,1651.1121797300045,35.156840249999995,509.44429418113225,0.0,1106.5110452988724,40.0,36.0,1.0
3.055,31.84293911943253,19.646285460656113,70.726627658362,4.616581253464311,3602.9999359990647,47.70672816889319,47.70672816889319,1649.166712195271,35.156840249999995,510.6469523673006,0.0,1103.3629195779704,39.99999999999999,35.99999999999999,1.0
3.06,31.941228254001476,19.669368366923436,70.80972612092437,4.6034598259627035,3607.2331896576443,47.65074213446136,47.65074213446136,1647.2313393898687,35.156840249999995,511.84760073478253,0.0,1100.226898405086,40.0,36.0,1.0
3.065,32.03963263908392,19.692385666053248,70.8925883977917,4.590388722086088,3611.454411397381,47.59504591745312,47.59504591745312,1645.3059852394015,35.156840249999995,513.0462404108265,0.0,1097.102904578575,40.0,36.0,1.0
3.0700000000000003,32.138151947273215,19.715337609663678,70.97521539478925,4.577367622069919,3615.663647363388,47.53963734004697,47.53963734004697,1643.390574459085,35.156840249999995,514.2428725343742,0.0,1093.9908616747107,40.0,36.0,1.0
3.075,32.23678585241681,19.738224447774027,71.0576080119865,4.564396209360888,3619.8609434075665,47.48451424695898,47.48451424695898,1641.4850325432337,35.156840249999995,515.4374982559817,0.0,1090.8906940372522,39.99999999999999,35.99999999999999,1.0
3.08,32.3355340296083,19.76104642882083,71.139767143755,4.551474170573932,3624.046345091547,47.42967450514348,47.42967450514348,1639.5892857549122,35.156840249999995,516.6301187377425,0.0,1087.8023267671697,40.0,36.0,1.0
3.085,32.434396155179535,19.7838037996737,71.22169367882532,4.5386011954500045,3628.2198976895997,47.375116003498704,47.375116003498704,1637.703261115761,35.156840249999995,517.8207351532101,0.0,1084.725685712551,40.0,36.0,1.0
3.09,32.53337190669284,19.806496805650948,71.30338850034342,4.525776976814488,3632.3816461914926,47.320836652577164,47.320836652577164,1635.8268863959843,35.156840249999995,519.0093486873216,0.0,1081.6606974586628,40.0,36.0,1.0
3.095,32.63246096293331,19.82912569053502,71.38485248592607,4.513001210536304,3636.5316353053295,47.266834384300644,47.266834384300644,1633.960090104497,35.156840249999995,520.1959605363204,0.0,1078.6072893181768,40.00000000000001,36.00000000000001,1.0
3.1,32.73166300390111,19.8516906965877,71.46608650771572,4.500273595487662,3640.669909460331,47.21310715167979,47.21310715167979,1632.1028014792325,35.156840249999995,521.3805719076813,0.0,1075.5653893215513,40.0,36.0,1.0
3.105,32.83097771080399,19.874192064565136,71.5470914324345,4.4875938335044765,3644.796512809597,47.15965292853821,47.15965292853821,1630.254950477603,35.156840249999995,522.5631840200331,0.0,1072.53492620757,40.0,36.0,1.0
3.11,32.93040476604973,19.89663003373266,71.62786812143757,4.474961629347402,3648.911489232822,47.10646970924088,47.10646970924088,1628.4164677671135,35.156840249999995,523.7437981030845,0.0,1069.5158294140292,40.0,36.0,1.0
3.115,33.02994385323877,19.919004841879396,71.70841743076582,4.462376690663513,3653.014882338971,47.05355550842708,47.05355550842708,1626.5872847161274,35.156840249999995,524.922415397548,0.0,1066.5080290685796,40.0,36.0,1.0
3.12,33.1295946571568,19.94131672533271,71.78874021119776,4.449838727948569,3657.106735468933,47.00090836074729,47.00090836074729,1624.767333384773,35.156840249999995,526.0990371550652,0.0,1063.511455979708,40.0,36.0,1.0
3.125,33.22935686376756,19.963565918972453,71.86883730830083,4.437347454509898,3661.1870916981316,46.94852632060445,46.94852632060445,1622.956546515998,35.156840249999995,527.2736646381326,0.0,1060.5260416278657,40.0,36.0,1.0
3.13,33.329230160205604,19.985752656245,71.94870956248201,4.424902586429861,3665.2559938391046,46.89640746189921,46.89640746189921,1621.1548575267639,35.156840249999995,528.4462991200272,0.0,1057.5517181567366,40.00000000000001,36.00000000000001,1.0
3.1350000000000002,33.42921423476916,20.00787716917715,72.02835780903774,4.397709368596654,3669.3134844440424,46.742264748006306,46.742264748006306,1615.826321229333,35.156840249999995,529.6169418847325,0.0,1051.0525390946004,39.912659952938114,35.9213939576443,0.0
3.14,33.52930859198216,20.029865716020133,72.10751657767248,4.3567492842476305,3673.3460397597355,46.49277052469821,46.49277052469821,1607.2015929413633,35.156840249999995,530.7816737561797,0.0,1041.2630789351838,39.74324948788786,35.76892453909907,0.0
3.145,33.629512379928315,20.05164946244137,72.18593806478894,4.316165422144201,3677.3410360209227,46.245600080333865,46.245600080333865,1598.6571950182633,35.156840249999995,531.9368188757993,0.0,1031.5635358924642,39.574955166809865,35.61745965012888,0.0
3.15,33.72982457930829,20.073230289552093,72.26362904238754,4.275954425211338,3681.29881821107,46.00073207078403,46.00073207078403,1590.1923896180388,35.156840249999995,533.0824417425291,0.0,1021.9531076255097,39.40777535987165,35.46699782388448,0.0
3.1550000000000002,33.83024418018637,20.09461006167815,72.34059622204134,4.236112964481881,3685.2197282353145,45.75814534237564,45.75814534237564,1581.806445482546,35.156840249999995,534.2186067213764,0.0,1012.4309985111696,39.241708290149276,35.31753746113435,0.0
3.16,33.930770181906816,20.11579062650056,72.416846255402,4.196637738896347,3689.10410494624,45.51781893029718,45.51781893029718,1573.4986378823687,35.156840249999995,535.3453780361418,0.0,1002.9964195962269,39.07675203793278,35.1690768341395,0.0
3.165,34.031401593011054,20.136773815195042,72.49238573470215,4.157525475103437,3692.952284169467,45.27973205701536,45.27973205701536,1565.268248562083,35.156840249999995,536.4628197623615,0.0,993.6485885497216,38.91290454493969,35.02161409044573,0.0
3.17,34.13213743115546,20.157561442570557,72.56722119325401,4.118772927261325,3696.764598729059,45.04386413070322,45.04386413070322,1557.1145656859192,35.156840249999995,537.5709958204625,0.0,984.3867296154567,38.75016361843887,34.87514725659498,0.0
3.1750000000000003,34.23297672302991,20.178155307206865,72.64135910594472,4.078939890748114,3700.5413784727502,44.80025979705546,44.80025979705546,1548.6934441079284,35.156840249999995,538.6699699691292,0.0,974.8666338887992,38.57997140550973,34.72197426495876,0.0
3.18,34.33391848631457,20.198550006660604,72.71478002397818,4.030982752045456,3704.2816326278526,44.50021208260024,44.50021208260024,1538.3211397864497,35.156840249999995,539.7594217975859,0.0,963.4048777388639,38.36031662750585,34.524284964755275,0.0
3.185,34.43496162363228,20.21870492042083,72.78733771351499,3.9835849336053837,3707.977911659,44.20369210580361,44.20369210580361,1528.070785297609,35.156840249999995,540.8371459159224,0.0,952.0767991316867,38.142731241293944,34.328458117164544,0.0
3.19,34.53610494304606,20.238622845088855,72.85904224231989,3.9367400183158825,3711.6307284445365,43.91065872294411,43.91065872294411,1517.9409583502863,35.156840249999995,541.9032537227905,0.0,940.8808643774959,37.92720315699282,34.13448284129353,0.0
3.1950000000000003,34.637347266521736,20.258306545180435,72.92990356264957,3.890441660190515,3715.240589978525,43.621071262344564,43.621071262344564,1507.930252971389,35.156840249999995,542.9578559358561,0.0,929.8155567855331,37.713720140056644,33.94234812605098,0.0
3.2,34.73868742976839,20.277758753481386,72.999931512533,3.8446835836393,3718.807997435966,43.334889519139885,43.334889519139885,1498.037279324982,35.156840249999995,544.0010625851893,0.0,918.8793764897927,37.502269819597025,33.752042837637326,0.0
3.205,34.840124282080595,20.296982171399584,73.0691358170385,3.7994595827456434,3722.3334462373523,43.05207375009869,43.05207375009869,1488.2606635332756,35.156840249999995,545.032983007067,0.0,908.0708402762087,37.292839696457044,33.56355572681134,0.0
3.21,34.94165668618238,20.315979469313312,73.13752608952792,3.7547635205493557,3725.8174261125496,42.77258466849849,42.77258466849849,1478.5990474994678,35.156840249999995,546.0537258381719,0.0,897.388481411296,37.08541715104371,33.37687543593933,0.0
3.215,35.043283518072954,20.334753286916058,73.20511183289781,3.7105893283355194,3729.2604211640382,42.49638343905249,42.49638343905249,1469.0510887323696,35.156840249999995,547.0633990101805,0.0,886.8308494721891,36.87998945092367,33.1919905058313,0.0
3.22,35.14500366687414,20.353306233557735,73.27190244080785,3.6669310049295873,3732.66290992948,42.22343167289038,42.22343167289038,1459.615460172896,35.156840249999995,548.0621097447247,0.0,876.3965101781714,36.67654375819042,33.00888938237138,0.0
3.225,35.24681603467949,20.371640888582384,73.33790719889659,3.623782615998195,3736.025365443662,41.953691422589124,41.953691422589124,1450.2908500222861,35.156840249999995,549.0499645487175,0.0,866.0840452235686,36.47506713660605,32.827560422945446,0.0
3.23,35.348719536405106,20.389759801662375,73.40313528598455,3.5811382933561866,3739.348255299778,41.68712517725686,41.68712517725686,1441.0759615721597,35.156840249999995,550.0270692100312,0.0,855.8920521121286,36.27554655852589,32.6479919026733,0.0
3.235,35.45071309964209,20.407665493129155,73.46759577526495,3.5389922342793914,3742.632041710091,41.42369585766653,41.42369585766653,1431.9695130362927,35.156840249999995,550.9935287935182,0.0,845.8191439927746,36.07796891160952,32.470172020448565,0.0
3.24,35.55279566451066,20.425360454300552,73.53129763548199,3.497338700823441,3745.877181565955,41.16336681144082,41.16336681144082,1422.970237384165,35.156840249999995,551.9494476373627,0.0,835.8639494968024,35.88232100532493,32.294088904792446,0.0
3.245,35.65496618351593,20.44284714780467,73.59424973209681,3.456172019148459,3749.0841264972164,40.906101808286955,40.906101808286955,1414.0768821762344,35.156840249999995,552.8949293497528,0.0,826.0251125764817,35.68858957725056,32.119730619525505,0.0
3.25,35.757223621405196,20.460128007900412,73.65646082844148,3.4154865788495754,3752.2533229309984,40.65186503528085,40.65186503528085,1405.288209400913,35.156840249999995,553.8300768058646,0.0,816.3012923450485,35.49676129918005,31.947085169262046,0.0
3.255,35.859566955026935,20.47720544079466,73.71793958686078,3.3752768322934283,3755.3852121498644,40.40062109220128,40.40062109220128,1396.6029953132766,35.156840249999995,554.7549921451472,0.0,806.6911629181294,35.30682278303598,31.776140504732382,0.0
3.2600000000000002,35.96199517319131,20.494081824956126,73.77869456984206,3.335537293960357,3758.480230349383,40.15233498691188,40.15233498691188,1388.0200302754254,35.156840249999995,555.6697767689001,0.0,797.1934132565253,35.11876058659586,31.606884527936277,0.0
3.265,36.06450727653227,20.510759511425928,73.83873424113334,3.2962625397925596,3761.538808695078,39.90697213079258,39.90697213079258,1379.5381185985532,35.156840249999995,556.5745313381315,0.0,787.8067470104218,34.93256121903691,31.43930509713322,0.0
3.27,36.16710227737114,20.527240824124892,73.89806696684961,3.257447206547902,3764.5613733787923,39.664498334217996,39.664498334217996,1371.1560783866412,35.156840249999995,557.4693557716927,0.0,778.5298823649485,34.74821114630278,31.2733900316725,0.0
3.275,36.26977919958185,20.54352806015763,73.95670101656746,3.2190859911596204,3767.5483456744496,39.424879802084185,39.424879802084185,1362.8727413818235,35.156840249999995,558.3543492446743,0.0,769.3615518871493,34.56569679629808,31.109127116668272,0.0
3.2800000000000002,36.372537078457526,20.559623490113427,74.01464456440834,3.18117365010165,3770.500141993237,39.188083129381816,39.188083129381816,1354.6869528113555,35.156840249999995,559.2296101870611,0.0,760.3005023742944,34.38500456391422,30.9465041075228,0.0
3.285,36.47537496057872,20.575529358363937,74.07190569011017,3.14370499875975,3773.4171739382,38.95407529681647,38.95407529681647,1346.597571236214,35.156840249999995,560.0952362826338,0.0,751.3454947035802,34.206120815891715,30.785508734302546,0.0
3.29,36.578291903683024,20.591247883357735,74.12849238008785,3.106674910808317,3776.299848358261,38.722823666475286,38.722823666475286,1338.6034684012968,35.156840249999995,560.9513244681091,0.0,742.4953036831878,34.02903189552286,30.62612870597058,0.0
3.295,36.6812869765362,20.606781257911777,74.1844125284824,3.0700783175927735,3779.1485674016726,38.49429597753878,38.49429597753878,1330.7035290871868,35.156840249999995,561.797970932514,0.0,733.7487179046728,33.85372412719864,30.46835171447878,0.0
3.3000000000000003,36.78435925880473,20.622131649499742,74.23967393819908,3.0339102075177204,3781.963728568894,38.26846034203909,38.26846034203909,1322.8966509635177,35.156840249999995,562.6352711167825,0.0,725.1045395967352,33.6801838208049,30.312165438724413,0.0
3.305,36.88750784092982,20.63730120053733,74.29428432193438,2.9981656254405515,3784.74572476492,38.04528524066211,38.04528524066211,1315.1817444438602,35.156840249999995,563.4633197135685,0.0,716.5615844802918,33.508397275970445,30.157557548373404,0.0
3.31,36.99073182400282,20.652292028664533,74.34825130319233,2.962839672070802,3787.4949443510363,37.824739518595486,37.824739518595486,1307.557732542191,35.156840249999995,564.2822106672693,0.0,708.1186816249217,33.33835078617254,30.004515707555285,0.0
3.315,37.094030319642044,20.667106227024888,74.4015824172896,2.927927503374854,3790.211771196046,37.60679238141935,37.60679238141935,1300.0235507308403,35.156840249999995,565.0920371742502,0.0,699.7746733065901,33.17003064270166,29.853027578431497,0.0
3.3200000000000003,37.19740244987096,20.681745864541764,74.45428511235035,2.8934243299863454,3792.8965847269287,37.39141339104222,37.39141339104222,1292.5781468000002,35.156840249999995,565.8928916832638,0.0,691.5284148667365,33.0034231384913,29.70308082464217,0.0
3.325,37.30084734699779,20.696212986191696,74.50636675029011,2.8593254166219504,3795.5497599789733,37.17857246167941,37.17857246167941,1285.2204807187045,35.156840249999995,566.6848658960583,0.0,683.3787745726462,32.8385145718148,29.55466311463332,0.0
3.33,37.40436415349646,20.710509613274805,74.5578346077893,2.825626081502679,3798.171667645366,36.96823985587491,36.96823985587491,1277.9495244973084,35.156840249999995,567.4680507681682,0.0,675.3246334791403,32.67529124985367,29.407762124868306,0.0
3.335,37.507952021888855,20.72463774368232,74.60869587725635,2.7937152568604677,3800.7626741262598,36.77002089799778,36.77002089799778,1271.0973231495298,35.156840249999995,568.242536509878,0.0,667.6979463896517,32.52226118424482,29.270035065820334,0.0
3.34,37.61161013204797,20.73860631996662,74.65898275187983,2.7654656479594397,3803.3244194271274,36.59687663196164,36.59687663196164,1265.1119250534082,35.156840249999995,569.0087949411021,0.0,660.9462898623061,32.390936005404626,29.151842404864166,0.0
3.345,37.715337731968404,20.75243364820642,74.70876113354312,2.7374995671005293,3805.860260762774,36.42548317348787,36.42548317348787,1259.1870503606333,35.156840249999995,569.7678135736069,0.0,654.2623965370265,32.26073544850592,29.03466190365533,0.0
3.35,37.819134118954025,20.76612114604192,74.75803612575092,2.709814211619888,3808.370458119117,36.2558229505443,36.2558229505443,1253.3220916262676,35.156840249999995,570.5196547991144,0.0,647.6455965771532,32.13165233298978,28.918487099690807,0.0
3.355,37.92299859736188,20.779670217100023,74.80681278156008,2.682406805688062,3810.8552689121266,36.08787856479735,36.08787856479735,1247.5164474099336,35.156840249999995,571.2643806004868,0.0,641.0952265594468,32.00367946615633,28.803311519540692,0.0
3.36,38.02693047853245,20.793082251128464,74.85509610406247,2.655274600070874,3813.3149480124257,35.92163278994944,35.92163278994944,1241.7695222183409,35.156840249999995,572.002052551402,0.0,634.6106294169389,31.876809644975868,28.68912868047828,0.0
3.365,38.13092908072059,20.80635862412882,74.90289104686376,2.6284148718919256,3815.7497477696816,35.757068570090325,35.757068570090325,1236.0807264482926,35.156840249999995,572.7327318161224,0.0,628.1911543821702,31.75103565784796,28.575932092063166,0.0
3.37,38.23499372902714,20.81950069848828,74.95020251455782,2.60182492439697,3818.159918036771,35.594169018063816,35.594169018063816,1230.4494763302262,35.156840249999995,573.4564791493503,0.0,621.8361569308759,31.626350286310718,28.463715257679645,0.0
3.375,38.33912375533113,20.832509823110264,74.99703536319696,2.5755020867199554,3820.5457061937373,35.432917413848635,35.432917413848635,1224.8751938722403,35.156840249999995,574.173354896171,0.0,615.5449987260694,31.502746306700658,28.352471676030593,0.0
3.38,38.443318498222766,20.845387333543865,75.04339440075792,2.5494437136508434,3822.9073571715276,35.27329720295392,35.27329720295392,1219.3573068046296,35.156840249999995,574.8834189920781,0.0,609.3170475625516,31.380216491764678,28.242194842588212,0.0
3.3850000000000002,38.54757730293691,20.85813455211212,75.08928438760363,2.5236471854052396,3825.2451134755147,35.115291994829555,35.115291994829555,1213.895248524932,35.156840249999995,575.5867309630797,0.0,603.1516773118523,31.258753612225448,28.1328782510029,0.0
3.39,38.65189952128729,20.870752788039145,75.13471003694092,2.4981099073956203,3827.559215208818,34.95888556128987,34.95888556128987,1208.4884580434373,35.156840249999995,576.2833499258841,0.0,597.0482678675532,31.138350438300233,28.02451539447021,0.0
3.395,38.75628451160133,20.883243337576122,75.17967601527404,2.47282931000438,3829.849900095407,34.804061834952115,34.804061834952115,1203.1363799292071,35.156840249999995,576.9733345881604,0.0,591.0062050910468,31.018999741175392,27.917099767057856,0.0
3.4,38.86073163865559,20.895607484126145,75.22418694285413,2.447802848358665,3832.1174035029917,34.6508049076894,34.6508049076894,1197.8384642565954,35.156840249999995,577.6567432488746,0.0,585.0248807577209,30.900694294437386,27.81062486499365,0.0
3.4050000000000002,38.965240273611826,20.907846498367938,75.26824739412459,2.4230280021067783,3834.3619584657185,34.49909902909659,34.49909902909659,1192.5941665522157,35.156840249999995,578.3336337986957,0.0,579.10369250352,30.783426875460208,27.70508418791419,0.0
3.41,39.06980979395369,20.91996163837847,75.31186189816249,2.3985022751963827,3836.583795706656,34.348928604970666,34.348928604970666,1187.4029477424085,35.156840249999995,579.0040637204731,0.0,573.2420437719354,30.66719026675148,27.600471240076335,0.0
3.415,39.17443958342402,20.931954149754453,75.35503493911604,2.3742231956544306,3838.7831436600723,34.20027819580495,34.20027819580495,1182.2642741011891,35.156840249999995,579.6680900897802,0.0,567.439343761409,30.5519772572578,27.49677953153202,0.0
3.42,39.27912903196274,20.943825265732727,75.39777095663781,2.3501883153687224,3840.9602284935195,34.05313251529644,34.05313251529644,1177.177617198648,35.156840249999995,580.3257695755234,0.0,561.6950073731247,30.437780643629743,27.39400257926677,0.0
3.4250000000000003,39.38387753564534,20.95557620730957,75.44007434631445,2.3263952098712655,3843.115274129707,33.90747642886752,33.90747642886752,1172.1424538498472,35.156840249999995,580.9771584406149,0.0,556.0084551592324,30.324593231448528,27.292133908303676,0.0
3.43,39.48868449662201,20.967208183358924,75.48194946009212,2.3028414781231477,3845.2485022681917,33.763294952199836,33.763294952199836,1167.1582660641388,35.156840249999995,581.6223125427066,0.0,550.3791132714323,30.212407836413607,27.19116705277225,0.0
3.435,39.593549323057275,20.97872239074954,75.52340060669835,2.279524742301293,3847.360132406853,33.620573249782936,33.620573249782936,1162.224540994993,35.156840249999995,582.261287334984,0.0,544.8064134100091,30.10121728549415,27.09109555694474,0.0
3.44,39.6984714290703,20.990120014461045,75.56443205205976,2.256442647586748,3849.450381863185,33.479296633475116,33.479296633475116,1157.3407708902482,35.156840249999995,582.8941378670155,0.0,539.2897927732328,29.991014418043413,26.991912976239075,0.0
3.4450000000000003,39.8034502346757,21.00140222769898,75.60504801971632,2.233592861954638,3851.519465795393,33.339450561077534,33.339450561077534,1152.5064530428187,35.156840249999995,583.5209187856602,0.0,533.8286940071586,29.881792086877653,26.893612878189888,0.0
3.45,39.90848516572497,21.012570192008752,75.6452526912315,2.210973075965901,3853.567597223288,33.20102063492198,33.20102063492198,1147.7210897418777,35.156840249999995,584.1416843360273,0.0,528.4225651558504,29.773543159320965,26.796188843388872,0.0
3.455,40.01357565384846,21.023625057388582,75.6850502065989,2.1885810025605514,3855.594987049001,33.063992600470904,33.063992600470904,1142.98418822446,35.156840249999995,584.7564883624883,0.0,523.0708596119717,29.66626051821568,26.699634466394112,0.0
3.46,40.11872113639794,21.034567962401386,75.72444466464499,2.1664143768525546,3857.6018440775088,32.92835234492997,32.92835234492997,1138.2952606275005,35.156840249999995,585.36538430974,0.0,517.7730360677606,29.559937062899454,26.60394335660951,0.0
3.465,40.223921056389656,21.04540003428565,75.76344012342834,2.144470955926542,3859.5883750369558,32.794085895874694,32.794085895874694,1133.6538239403585,35.156840249999995,585.968425223915,0.0,512.5285584664435,29.454565710151197,26.50910913913608,0.0
3.47,40.32917486244803,21.056122389065283,75.80204060063502,2.1227485186358748,3861.554784598812,32.661179419887894,32.661179419887894,1129.059399957715,35.156840249999995,586.565663753741,0.0,507.336895953974,29.35013939510402,26.415125455593618,0.0
3.475,40.43448200874984,21.066736131658462,75.84025007397047,2.1012448654025864,3863.5012753978244,32.529619221211256,32.529619221211256,1124.5115152329608,35.156840249999995,587.1571521517427,0.0,502.1975228312182,29.246651072128667,26.321985964915804,0.0
3.48,40.53984195496895,21.077242355985476,75.87807248154772,2.079957818018735,3865.4280480518014,32.39939174040809,32.39939174040809,1120.009701031968,35.156840249999995,587.7429422754905,0.0,497.1099185064776,29.14409371568596,26.229684344117363,0.0
3.485,40.645254166221605,21.08764214507557,75.91551172227206,2.058885219449472,3867.335301181206,32.27048355303909,32.27048355303909,1115.553493287313,35.156840249999995,588.3230855888892,0.0,492.0735674484238,29.04246032115039,26.13821428903535,0.0
3.49,40.75071811301222,21.097936571172816,75.95257165622215,2.0380249336376783,3869.2232314285707,32.14288136835013,32.14288136835013,1111.1424325529142,35.156840249999995,588.8976331635091,0.0,487.08795913940514,28.941743905605005,26.047569515044508,0.0
3.495,40.856233271179754,21.108126695841005,75.98925610502762,2.0173748453101927,3871.092033477733,32.01657202797214,32.01657202797214,1106.7760639590908,35.156840249999995,589.4666356799548,0.0,482.15258802913604,28.84193750860829,25.957743757747462,0.0
3.5,40.96179912184453,21.118213570067557,76.02556885224321,1.9969328597855744,3872.9419000728954,31.891542504632834,31.891542504632834,1102.453937168026,35.156840249999995,590.0301434292737,0.0,477.2669534887523,28.743034192933592,25.868730773640234,0.0
3.505,41.06741515135562,21.128198234366483,76.06151364371934,1.9766969027835184,3874.773022037505,31.76777990088076,31.76777990088076,1098.1756063296598,35.156840249999995,590.5882063143989,0.0,472.4305597652609,28.64502704528229,25.780524340754063,0.0
3.5100000000000002,41.17308085123874,21.1380817188804,76.09709418796945,1.956664920235752,3876.585588292963,31.645271447820708,31.645271447820708,1093.9406300379737,35.156840249999995,591.1408738516291,0.0,467.6429159363447,28.54790917697061,25.69311825927355,0.0
3.515,41.27879571814464,21.14786504348158,76.1323141565337,1.9368348780985094,3878.379785877159,31.52400450386098,31.52400450386098,1089.748571287685,35.156840249999995,591.6881951721414,0.0,462.90353586554374,28.451673724591156,25.60650635213204,0.0
3.52,41.384559253798024,21.157549217872074,76.16717718433947,1.9172047621666466,3880.1557999628253,31.403966553472866,31.403966553472866,1085.598997431365,35.156840249999995,592.2302190235365,0.0,458.2119381578285,28.356313850650224,25.520682465585203,0.0
3.525,41.49037096494691,21.167135241682907,76.20168687005847,1.8977725778890833,3881.9138138757394,31.285145205960397,31.285145205960397,1081.4914801369066,35.156840249999995,592.7669937714157,0.0,453.5676461154909,28.261822744179902,25.435640469761914,0.0
3.5300000000000002,41.59623036331255,21.17662410457235,76.23584677646046,1.8785363501859849,3883.6540091127385,31.16752819424274,31.16752819424274,1077.4255953454376,35.156840249999995,593.2985674009873,0.0,448.9701876944504,28.168193621327664,25.3513742591949,0.0
3.535,41.702136965539786,21.186016786323282,76.26966043076382,1.8594941232673186,3885.376565359579,31.051103373647113,31.051103373647113,1073.4009232295912,35.156840249999995,593.8249875187021,0.0,444.41909546088914,28.075419725922252,25.267877753330026,0.0
3.54,41.80809029314795,21.195314256939618,76.30313132498263,1.8406439604530336,3887.0816605086197,30.935858720713657,30.935858720713657,1069.417048152191,35.156840249999995,594.346301353916,0.0,439.913906548275,27.9834943300178,25.18514489701602,0.0
3.545,41.91408987248215,21.204517476741884,76.33626291627078,1.8219839439946623,3888.7694706763455,30.821782332010912,30.821782332010912,1065.4735586253053,35.156840249999995,594.862555760581,0.0,435.4541626147243,27.892410734415623,25.10316966097406,0.0
3.5500000000000003,42.02013523466516,21.213627396461856,76.36905862726269,1.8035121748984086,3890.440170220732,30.70886242296229,30.70886242296229,1061.5700472696778,35.156840249999995,595.3737972189582,0.0,431.0394098007197,27.802162269164622,25.02194604224816,0.0
3.555,42.126225915549654,21.22264495733635,76.40152184641086,1.7852267727497557,3892.093931758441,30.597087326683795,30.597087326683795,1057.7061107745503,35.156840249999995,595.8800718373587,0.0,426.6691986871916,27.712742294041178,24.94146806463706,0.0
3.56,42.232361455671,21.2315710912001,76.43365592832036,1.7671258755396253,3893.7309261818505,30.486445492833077,30.486445492833077,1053.881349857875,35.156840249999995,596.3814253539045,0.0,422.34308425397046,27.62414419900913,24.861729779108217,0.0
3.565,42.33854140020044,21.2404067205778,76.46546419408007,1.7492076394918006,3895.351322675941,30.376925486467954,30.376925486467954,1050.0953692268547,35.156840249999995,596.8779031383144,0.0,418.0606258385403,27.536361404658894,24.782725264193008,0.0
3.5700000000000003,42.44476529889882,21.249152758775256,76.49694993159092,1.7314702388919943,3896.955288735011,30.26851598691681,30.26851598691681,1046.3477775388951,35.156840249999995,597.3695501937085,0.0,413.82138709518665,27.44938736262836,24.704448626365522,0.0
3.575,42.551032706070686,21.257810109969718,76.52811639589099,1.7139118659182944,3898.542990179237,30.161205786659213,30.161205786659213,1042.6381873629075,35.156840249999995,597.8564111584352,0.0,409.62493595447233,27.363215556004583,24.626894000404125,0.0
3.58,42.65734318051886,21.266379669299308,76.55896680947751,1.6968677190544976,3900.1145911710832,30.057313641277617,30.057313641277617,1039.04675541194,35.156840249999995,598.3385303079151,0.0,405.55138485402495,27.279954067585052,24.551958660826546,0.0
3.585,42.763696289711845,21.274864007894582,76.5895104284205,1.684234418141473,3901.670563239034,29.983783777073793,29.983783777073793,1036.5049125932942,35.156840249999995,598.8160464074822,0.0,402.53202593581204,27.224075381403694,24.501667843263327,0.0
3.59,42.870091662681546,21.28328517998529,76.61982664794704,1.6716943849863601,3903.2149509842193,29.910801347941188,29.910801347941188,1033.9819939753052,35.156840249999995,599.2901957135651,0.0,399.53495801174006,27.168560060180553,24.451704054162498,0.0
3.595,42.97652898476129,21.29164365191022,76.6499171468768,1.6592469427629197,3904.7478399301167,29.83836231233573,29.83836231233573,1031.4778598464436,35.156840249999995,599.7610002761058,0.0,396.5600193203378,27.11340620578453,24.402065585206078,0.0
3.6,43.083007943607626,21.299939886624035,76.67978359184653,1.6468914193812103,3906.269314979574,29.76646265804216,29.76646265804216,1028.9923715090433,35.156840249999995,600.2284820269341,0.0,393.60704923210926,27.058611922144852,24.352750729930367,0.0
3.605,43.18952822918349,21.308174343720943,76.7094276373954,1.6346271474570533,3907.7794604191567,29.695098401968604,29.695098401968604,1026.5253912722007,35.156840249999995,600.6926627799651,0.0,390.6758882422357,27.00417531541285,24.30375778387157,0.0
3.61,43.29608953374144,21.316347479458226,76.73885092604962,1.6224534642817117,3909.2783599234585,29.62426558994284,29.62426558994284,1024.0767824447307,35.156840249999995,601.1535642314017,0.0,387.7663779633291,26.950094494120275,24.25508504470825,0.0
3.615,43.40269155180703,21.324459746779635,76.76805508840668,1.610369711791675,3910.766096559392,29.553960296509583,29.553960296509583,1021.6464093281593,35.156840249999995,601.611207959949,0.0,384.87836111821036,26.89636756933368,24.206730812400313,0.0
3.62,43.509333980162324,21.332511595338595,76.79704174321894,1.5983752365386135,3912.2427527904497,29.48417862472905,29.48417862472905,1019.2341372097617,35.156840249999995,602.0656154270331,0.0,382.01168153272863,26.84299265480515,24.15869338932464,0.0
3.625,43.61601651782947,21.340503471521288,76.82581249747663,1.5864693896595512,3913.7084104809287,29.41491670597742,29.41491670597742,1016.8398323556628,35.156840249999995,602.5168079770301,0.0,379.1661841286327,26.789967867119934,24.11097108040794,0.0
3.63,43.72273886605445,21.348435818469586,76.85436894649051,1.5746515268470738,3915.163150900143,29.34617069974767,29.34617069974767,1014.4633620039526,35.156840249999995,602.964806837502,0.0,376.34171491645066,26.73729132583983,24.063562193255844,0.0
3.6350000000000002,43.82950072829089,21.35630907610382,76.88271267397376,1.562921008319798,3916.607054726597,29.27793679345244,29.27793679345244,1012.1045943578721,35.156840249999995,603.4096331194404,0.0,373.53812098843173,26.6849611536437,24.01646503827933,0.0
3.64,43.93630181018401,21.36412368114542,76.91084525212351,1.5512771987929368,3918.0402020521365,29.210211202227807,29.210211202227807,1009.7633985790293,35.156840249999995,603.8513078175174,0.0,370.7552505115119,26.632975476464345,23.96967792881791,0.0
3.645,44.04314181955473,21.371880067139383,76.93876824170178,1.5397194674490284,3919.4626723860742,29.142990168738326,29.142990168738326,1007.4396447806606,35.156840249999995,604.2898518103428,0.0,367.9929527203178,26.581332423621948,23.923199181259754,0.0
3.65,44.150020466383765,21.37957866447663,76.96648319211586,1.5282471879088741,3920.8745446592793,29.076269962983837,29.076269962983837,1005.133204020951,35.156840249999995,604.7252858607301,0.0,365.25107791022094,26.530030127954756,23.877027115159283,0.0
3.6550000000000002,44.256937462795996,21.387219900416174,76.99399164149823,1.5168597382025304,3922.2758972282554,29.010046882106682,29.010046882106682,1002.843948296371,35.156840249999995,605.1576306159662,0.0,362.52947743040477,26.47906672594577,23.83116005335119,0.0
3.66,44.363892523044804,21.394804199107185,77.02129511678586,1.5055565007405356,3923.6668078791795,28.944317250200886,28.944317250200886,1000.5717505350798,35.156840249999995,605.5869066080918,0.0,359.82800367698803,26.428440357846853,23.785596322062165,0.0
3.665,44.4708853634966,21.40233198161089,77.0483951337992,1.4943368622852695,3925.047353831918,28.879077418122353,28.879077418122353,998.3164845903639,35.156840249999995,606.0131342541845,0.0,357.14651008617943,26.37814916779962,23.74033425101966,0.0
3.67,44.57791570261543,21.409803665922315,77.07529319732033,1.4832002139224432,3926.4176117440197,28.814323763300155,28.814323763300155,996.0780252341135,35.156840249999995,606.4363338566496,0.0,354.4848511274639,26.328191303953062,23.695372173557757,0.0
3.6750000000000003,44.68498326094771,21.417219666991926,77.10199080117094,1.472145951032771,3927.777657714679,28.75005268954929,28.75005268954929,993.85624815035,35.156840249999995,606.8565256035178,0.0,351.8428822968323,26.278564918578375,23.650708426720538,0.0
3.68,44.79208776110706,21.42458039674709,77.12848942828953,1.4611734732637955,3929.1275672886727,28.68626062688462,28.68626062688462,991.6510299287943,35.156840249999995,607.2737295687472,0.0,349.22046011004716,26.229268168180877,23.60634135136279,0.0
3.685,44.89922892775921,21.43188626411341,77.15479055080827,1.4502821845018194,3930.4674154602762,28.622944031335766,28.622944031335766,989.4622480584673,35.156840249999995,607.6879657125324,0.0,346.61744209593485,26.180299213608684,23.562269292247816,0.0
3.69,45.00640648760709,21.43913767503592,77.18089563012931,1.4394714928440497,3931.797276677148,28.560099384763603,28.560099384763603,987.289780921346,35.156840249999995,608.0992538816182,0.0,344.0336867897279,26.131656220158998,23.5184905981431,0.0
3.6950000000000003,45.11362016937593,21.44633503250014,77.20680611700051,1.4287408105708865,3933.1172248441885,28.49772319467788,28.49772319467788,985.133507786061,35.156840249999995,608.5076138096192,0.0,341.46905372644187,26.08333735768142,23.475003621913277,0.0
3.7,45.22086970379856,21.453478736552995,77.23252345159078,1.4180895541182996,3934.427333327381,28.435811994055697,28.435811994055697,982.9933088016184,35.156840249999995,608.9130651173448,0.0,338.9234034342736,26.035340800678252,23.431806720610428,0.0
3.705,45.328154823600755,21.460569184323585,77.25804906356491,1.407517144050431,3935.727674957599,28.37436234116158,28.37436234116158,980.869064991182,35.156840249999995,609.315627313129,0.0,336.39659742805304,25.987664728402528,23.388898255562275,0.0
3.71,45.43547526348667,21.467606770043837,77.28338437215781,1.397023005032309,3937.018322034394,28.313370819368537,28.313370819368537,978.7606582458877,35.156840249999995,609.7153197931659,0.0,333.88849820272185,25.940307324953064,23.34627659245776,0.0
3.715,45.54283076012445,21.474591885069,77.3085307862484,1.3866065658027462,3938.29934632975,28.252834036980545,28.252834036980545,976.6679713187053,35.156840249999995,610.112161841849,0.0,331.39896922685637,25.893266779367252,23.303940101430527,0.0
3.72,45.650221052131876,21.481524917898014,77.33348970443285,1.3762672591473248,3939.5708190918276,28.19274862705569,28.19274862705569,974.5908878183261,35.156840249999995,610.5061726321155,0.0,328.9278749362106,25.84654128571077,23.261887157139693,0.0
3.725,45.75764588006211,21.48840625419375,77.35826251509751,1.3660045218716208,3940.832811048667,28.13311124723118,28.13311124723118,972.5292922031138,35.156840249999995,610.8973712257964,0.0,326.4750807273174,25.80012904316544,23.220116138848898,0.0
3.73,45.8651049863896,21.49523627680311,77.3828505964912,1.355817794774475,3942.08539241188,28.073918579548774,28.073918579548774,970.4830697750682,35.156840249999995,611.2857765739687,0.0,324.0404529510995,25.754028256113934,23.17862543050254,0.0
3.735,45.972598115496055,21.50201536577698,77.40725531679713,1.3457065226215106,3943.3286328803088,28.015167330282033,28.015167330282033,968.4521066738556,35.156840249999995,611.6714075173146,0.0,321.62385890654105,25.70823713422263,23.13741342080037,0.0
3.74,46.08012501365648,21.508743898390087,77.43147803420432,1.3356701541187335,3944.5626016436636,27.95685422976427,27.95685422976427,966.4362898708602,35.156840249999995,612.0542827864829,0.0,319.2251668343773,25.662753892521756,23.09647850326958,0.0
3.745,46.18768542902536,21.51542224916068,77.45552009697845,1.3257081418863284,3945.7873673861345,27.898976032217966,27.898976032217966,964.4355071632868,35.156840249999995,612.4344210024544,0.0,316.84424591083246,25.61757675148339,23.05581907633505,0.0
3.75,46.29527911162293,21.52205078987011,77.4793828435324,1.3158199424325312,3947.002998289986,27.84152951558487,27.84152951558487,962.4496471682884,35.156840249999995,612.8118406769134,0.0,314.480966241375,25.57270393709688,23.01543354338719,0.0
3.755,46.40290581332157,21.528629889582273,77.50306760249619,1.3060050161277563,3948.209562039114,27.784511481357878,27.784511481357878,960.4785993171537,35.156840249999995,613.18656021262,0.0,312.13519885453377,25.528133680942453,22.975320312848208,0.0
3.7600000000000002,46.51056528783218,21.535159914662913,77.5265756927865,1.2962628271787655,3949.407125822595,27.72791875441341,27.72791875441341,958.5222538495129,35.156840249999995,613.558597903788,0.0,309.80681569572494,25.483864220262195,22.935477798235976,0.0
3.765,46.618257290690835,21.541641228798806,77.5499084236757,1.2865928436030443,3950.5957563381994,27.671748182845228,27.671748182845228,956.5805018075939,35.156840249999995,613.9279719364664,0.0,307.49568962112755,25.43989379802903,22.895904418226127,0.0
3.77,46.72598157924538,21.54807419301682,77.57306709486055,1.2769945372033096,3951.7755197958877,27.615996637799366,27.615996637799366,954.6532350305141,35.156840249999995,614.2947003889232,0.0,305.201694391591,25.39622066301363,22.856598596712264,0.0
3.775,46.83373791264218,21.554459165702838,77.59605299653022,1.2674673835421675,3952.94648192128,27.560661013310103,27.560661013310103,952.7403461486113,35.156840249999995,614.6588012320333,0.0,302.924704666578,25.35284306984917,22.81755876286425,0.0
3.7800000000000002,46.941526051812986,21.560796502620548,77.61886740943397,1.2580108619169077,3954.1087079591043,27.50573822613698,27.50573822613698,950.8417285778102,35.156840249999995,615.0202923296692,0.0,300.66459599814095,25.309759279093974,22.77878335118458,0.0
3.785,47.049345759461865,21.567086556930132,77.64151160494848,1.2486244553344303,3955.262262676624,27.45122521560293,27.45122521560293,948.9572765140248,35.156840249999995,615.379191439096,0.0,298.42124482492886,25.266967557292165,22.74027080156295,0.0
3.79,47.15719680005221,21.573329679206804,77.66398684514449,1.2393076504863816,3956.407210367032,27.397118943433746,27.397118943433746,947.0868849276119,35.156840249999995,615.7355162113668,0.0,296.1945284662452,25.22446617703255,22.702019559329294,0.0
3.795,47.265078939793874,21.579526217459236,77.68629438285325,1.2300599377243266,3957.5436148528383,27.34341639359812,27.34341639359812,945.2304495578379,35.156840249999995,616.0892841917239,0.0,293.98432511611406,25.182253417005114,22.664028075304604,0.0
3.8000000000000003,47.37299194663039,21.585676517147856,77.70843546173228,1.2208808110351659,3958.6715394892212,27.29011457214922,27.29011457214922,943.3878669074054,35.156840249999995,616.4405128200008,0.0,291.79051383740466,25.140327562056036,22.626294805850435,0.0
3.805,47.480935590226274,21.591780921203032,77.73041131633092,1.2117697680166544,3959.7910471673595,27.237210507067218,27.237210507067218,941.559034237008,35.156840249999995,616.7892194310276,0.0,289.6129745559804,25.098686903240708,22.58881821291664,0.0
3.81,47.58890964195439,21.597839770043116,77.75222317215523,1.2027263098530256,3960.902200317749,27.184701248102577,27.184701248102577,939.7438495599125,35.156840249999995,617.1354212550394,0.0,287.4515880548731,25.05732973787468,22.551596764087215,0.0
3.815,47.69691387488347,21.60385340159238,77.77387224573258,1.1937499412908463,3962.0050609134846,27.13258386662091,27.13258386662091,937.9422116365978,35.156840249999995,617.4791354180855,0.0,285.3062359685123,25.016254369583198,22.51462893262488,0.0
3.8200000000000003,47.8049480637657,21.609822151298836,77.7953597446758,1.184840170614937,3963.099690473531,27.080855455448518,27.080855455448518,936.1540199694131,35.156840249999995,617.8203789424432,0.0,283.1768007769699,24.975459108348737,22.477913197513864,0.0
3.825,47.913011985024326,21.61574635215191,77.81668686774688,1.1759965096244493,3964.1861500659675,27.029513128718964,27.029513128718964,934.3791747972756,35.156840249999995,618.1591687470323,0.0,281.0631658002434,24.93494227055669,22.441448043501023,0.0
3.83,48.021105416741456,21.621626334700032,77.83785480492011,1.167218473609111,3965.264500311208,26.978554021720903,26.978554021720903,932.6175770904097,35.156840249999995,618.4955216478322,0.0,278.9652151925775,24.89470217903968,22.405231961135712,0.0
3.835,48.12922813864587,21.627462427068078,77.85886473744509,1.1585055813255902,3966.3348013852033,26.92797529074681,26.92797529074681,930.8691285451174,35.156840249999995,618.8294543583014,0.0,276.88283393681604,24.854737163119918,22.369263446807928,0.0
3.84,48.23737993210098,21.633254954974706,77.87971783790894,1.149857354974009,3967.3971130226187,26.87777411294278,26.87777411294278,929.1337315785867,35.156840249999995,619.1609834897986,0.0,274.8159078387881,24.815045558650123,22.33354100278511,0.0
3.845,48.34556058009279,21.639004241749575,77.90041527029847,1.1412733201745622,3968.4514945199962,26.827947686159103,26.827947686159103,927.4112893237257,35.156840249999995,619.4901255520053,0.0,272.76432352172037,24.775625708052523,22.298063137247276,0.0
3.85,48.45376986721804,21.644710608350447,77.92095819006161,1.132753005944363,3969.498004738881,26.778493228802525,26.778493228802525,925.7017056240551,35.156840249999995,619.8168969533524,0.0,270.7279684207027,24.73647596035689,22.262828364321205,0.0
3.855,48.56200757967237,21.65037437338017,77.94134774416861,1.124295944674273,3970.5367021089505,26.729407979688325,26.729407979688325,924.0048850285959,35.156840249999995,620.1413140014447,0.0,268.7067307771513,24.697594671236057,22.227835204112452,0.0
3.86,48.670273505238576,21.65599585310354,77.96158507117275,1.1159016721060848,3971.5676446310918,26.680689197895006,26.680689197895006,922.3207327868449,35.156840249999995,620.4633929034907,0.0,266.7004996333543,24.65898020304115,22.193082182737033,0.0
3.865,48.77856743327499,21.66157536146407,77.98167130127065,1.1075697273096101,3972.590889880488,26.632334162618317,26.632334162618317,920.6491548437291,35.156840249999995,620.7831497667323,0.0,264.7091648269968,24.620630924834124,22.158567832350712,0.0
3.87,48.88688915470391,21.66711321010062,78.00160755636223,1.0992996526600791,3973.606495009662,26.584340173027464,26.584340173027464,918.990057834635,35.156840249999995,621.1006005988761,0.0,262.7326169857589,24.58254521241969,22.12429069117772,0.0
3.875,48.995238462000074,21.67260970836392,78.02139495011012,1.0910909938155997,3974.61451675151,26.536704548121797,26.536704548121797,917.343349080454,35.156840249999995,621.4157613085257,0.0,260.77074752192834,24.54472144837546,22.090249303537913,0.0
3.88,49.10361514917931,21.678065163333,78.0410345879988,1.0829432996947626,3975.6150114223115,26.489424626588526,26.489424626588526,915.7089365826648,35.156840249999995,621.7286477056166,0.0,258.82344862704826,24.507158022080706,22.056442219872636,0.0
3.8850000000000002,49.21201901178722,21.683479879831474,78.06052756739331,1.074856122454371,3976.6080349247195,26.442497766661383,26.442497766661383,914.0867290184461,35.156840249999995,622.0392755018515,0.0,256.89061326659464,24.469853329743753,22.022867996769378,0.0
3.89,49.32044984688791,21.688854160443746,78.07987497759748,1.0668290174673327,3977.593642750731,26.395921345980334,26.395921345980334,912.4766357358288,35.156840249999995,622.3476603111363,0.0,254.97213517469254,24.432805774428083,21.989525196985273,0.0
3.895,49.428907453052844,21.694188305531082,78.09907789991189,1.058861543300693,3978.5718899846293,26.34969276145243,26.34969276145243,910.8785667488839,35.156840249999995,622.6538176500184,0.0,253.0679088488656,24.39601376607722,21.956412389469495,0.0
3.9,49.537391630349795,21.699482613247586,78.11813740769131,1.0509532616937125,3979.542831305925,26.303809429112924,26.303809429112924,909.2924327329224,35.156840249999995,622.9577629381251,0.0,251.1778295447973,24.359475721537834,21.92352814938405,0.0
3.9050000000000002,49.6459021803318,21.704737379556054,78.1370545664018,1.043103737536224,3980.5065209922536,26.25826878398831,26.25826878398831,907.7181450197611,35.156840249999995,623.2595114986036,0.0,249.30179327115752,24.323190064582338,21.8908710581241,0.0
3.91,49.7544389060263,21.709952898243735,78.15583043367745,1.035312538846985,3981.4630129222705,26.21306827995945,26.21306827995945,906.1556155929906,35.156840249999995,623.5590785585612,0.0,247.43969678442943,24.287155225929485,21.858439703336536,0.0
3.915,49.863001611924254,21.71512946093797,78.1744660593767,1.0275792367522592,3982.4123605785167,26.16820538962625,26.16820538962625,904.6047570832967,35.156840249999995,623.8564792495068,0.0,245.5914375837899,24.251369643264358,21.826232678937924,0.0
3.92,49.971590103969405,21.72026735712173,78.19296248563823,1.0199034054644518,3983.3546170502723,26.12367760417274,26.12367760417274,903.0654827637976,35.156840249999995,624.1517286077936,0.0,243.756913906004,24.215831761256645,21.794248585130983,0.0
3.9250000000000003,50.08020418954759,21.725366874149053,78.2113207469366,1.0122846222609438,3984.289835036383,26.079482433233544,26.079482433233544,901.537706545427,35.156840249999995,624.4448415750614,0.0,241.9360247203656,24.180540031578186,21.76248602842037,0.0
3.93,50.18884367747611,21.730428297260357,78.22954187013728,1.0047224674630157,3985.218066848072,26.035617404760995,26.035617404760995,900.021342972341,35.156840249999995,624.7358329986803,0.0,240.12866972366078,24.145492912919046,21.73094362162714,0.0
3.935,50.29750837799325,21.73545190959767,78.24762687455161,0.997216524414915,3986.1393644117293,25.99208006489328,25.99208006489328,898.5163072173596,35.156840249999995,625.0247176321949,0.0,238.3347493351647,24.11068887100272,21.699619983902448,0.0
3.94,50.406198102747794,21.740437992219746,78.26557677199109,0.989766379463027,3987.0537792716887,25.94886797782328,25.94886797782328,897.0225150774323,35.156840249999995,625.3115101357689,0.0,236.55416469166346,24.07612637859991,21.668513740739918,0.0
3.9450000000000003,50.51491266478864,21.745386824117062,78.28339256682143,0.9823716219352385,3987.9613625929737,25.90597872566875,25.90597872566875,895.5398829691522,35.156840249999995,625.5962250766303,0.0,234.786817642522,24.041803915541653,21.63762352398749,0.0
3.95,50.6236518785545,21.750298682226738,78.30107525601626,0.9750318441203503,3988.8621651640365,25.863409908342913,25.863409908342913,894.0683279242799,35.156840249999995,625.8788769295162,0.0,233.0326107447637,24.007719968731017,21.606947971857917,0.0
3.955,50.73241555986368,21.75517384144734,78.31862582921043,0.967746641247659,3989.7562373994724,25.82115914342616,25.82115914342616,892.6077675853102,35.156840249999995,626.1594800771197,0.0,231.2914472581905,23.973873032153886,21.576485728938497,0.0
3.96,50.841203525903936,21.76001257465358,78.33604526875288,0.960515611466685,3990.643629342713,25.779224066038815,25.779224066038815,891.158120201073,35.156840249999995,626.4380488105353,0.0,229.5632311405377,23.940261606888885,21.546235446199997,0.0
3.9650000000000003,50.95001559522235,21.764815152710913,78.35333454975928,0.9533383558269751,3991.5243906687083,25.737602328714384,25.737602328714384,889.7193046223524,35.156840249999995,626.7145973297054,0.0,227.84786704264707,23.906884201116046,21.51619578100444,0.0
3.97,51.05885158771535,21.769581844490048,78.37049464016418,0.9462144782580737,3992.398570686582,25.696291601274012,25.696291601274012,888.2912402975463,35.156840249999995,626.9891397438668,0.0,226.1452603036796,23.8737393301247,21.48636539711223,0.0
3.975,51.16771132461878,21.77431291688134,78.38752650077282,0.9391435855495852,3993.266218342276,25.655289570701598,25.655289570701598,886.8738472683481,35.156840249999995,627.2616900719972,0.0,224.45531694635088,23.840825516320297,21.456742964688267,0.0
3.98,51.276594628498,21.779008634809088,78.40443108531272,0.9321252873314072,3994.1273822211692,25.614593941019976,25.614593941019976,885.4670461654688,35.156840249999995,627.5322622432625,0.0,222.77794367220633,23.80814128923042,21.42732716030738,0.0
3.985,51.38550132323814,21.783669261245745,78.42120934048468,0.9251591960540364,3994.982110550686,25.574202433167727,25.574202433167727,884.0707582043771,35.156840249999995,627.8008700974624,0.0,221.1130478569147,23.77568518550976,21.39811666695879,0.0
3.99,51.494431234034316,21.788295057226016,78.43786220601366,0.9182449269690277,3995.8304512028785,25.534112784877014,25.534112784877014,882.684905181076,35.156840249999995,628.0675273854785,0.0,219.46053754559762,23.743455748944264,21.369110174049837,0.0
3.995,51.603384187382034,21.79288628186086,78.4543906146991,0.9113820981095732,3996.672451696999,25.49432275055219,25.49432275055219,881.3094094679076,35.156840249999995,628.3322477697196,0.0,217.820321448188,23.711451530454394,21.340306377408954,0.0
4.0,51.71236001106757,21.79744319235141,78.47079549246507,0.9045703302711898,3997.508159202048,25.454830101149238,25.454830101149238,879.9441940093842,35.156840249999995,628.5950448245699,0.0,216.19230893481438,23.67967108809753,21.311703979287778,0.0
4.005,51.82135853415845,21.801966044002764,78.48707775840995,0.8978092469925576,3998.337620539307,25.41563262405615,25.41563262405615,878.5891823180541,35.156840249999995,628.8559320368329,0.0,214.57641003122126,23.64811298706959,21.283301688362634,0.0
4.01,51.93037958699405,21.806455090237726,78.50323832485581,0.8910984745364393,3999.160882184856,25.376728122973972,25.376728122973972,877.244298470389,35.156840249999995,629.1149228061801,0.0,212.972535414209,23.616775799705724,21.255098219735153,0.0
4.015,52.039423001176175,21.810910582610408,78.51927809739747,0.8844376418707461,3999.97799027207,25.338114417798757,25.338114417798757,875.9094671027034,35.156840249999995,629.3720304455951,0.0,211.38059640710833,23.585658105480245,21.22709229493222,0.0
4.0200000000000005,52.14848860955975,21.81533277081976,78.53519797495115,0.878312520038811,4000.7889905940992,25.303150385304146,25.303150385304146,874.700800721096,35.156840249999995,629.6272681818202,0.0,209.91669228927583,23.55788770695458,21.202098936259123,0.0
4.025,52.25757625232035,21.819724333419956,78.55100760031185,0.8722430705786204,4001.594374380216,25.268521604661586,25.268521604661586,873.5037236103489,35.156840249999995,629.8807894920586,0.0,208.46609386829027,23.530383275794648,21.177344948215186,0.0
4.03,52.36668577702583,21.82408554877285,78.56670797558226,0.8662153518483058,4002.39419268016,25.23413212111336,25.23413212111336,872.3149187248713,35.156840249999995,630.1326093831262,0.0,207.0254690917451,23.50305606385485,21.152750457469363,0.0
4.035,52.47581703246159,21.828416625532093,78.58229985191554,0.860229079844471,4003.188483759642,25.199980289363232,25.199980289363232,871.1343291886657,35.156840249999995,630.3827388558371,0.0,205.59475008282857,23.475905030041503,21.128314527037354,0.0
4.04,52.584969868452745,21.832717770931314,78.59778397535273,0.8542839724562001,4003.9772856239506,25.166064475312286,25.166064475312286,869.961898512812,35.156840249999995,630.6311888457802,0.0,204.17386941703182,23.448929137893593,21.104036224104235,0.0
4.045,52.69414413585706,21.836989190793595,78.61316108685695,0.8483797494529691,4004.7606360196914,25.13238305598403,25.13238305598403,868.79757059288,35.156840249999995,630.8779702236204,0.0,202.7627601192596,23.422127355585744,21.07991462002717,0.0
4.05,52.8033396865579,21.84123108954086,78.62843192234709,0.8425161324727442,4005.5385724365015,25.098934419450796,25.098934419450796,867.6412897063846,35.156840249999995,631.1230937953987,0.0,201.36135566098585,23.39549865593137,21.05594879033823,0.0
4.055,52.91255637345726,21.845443670203224,78.6435972127316,0.8366928450099748,4006.311132108776,25.065716964759446,25.065716964759446,866.4930005102171,35.156840249999995,631.3665703028332,0.0,199.96958995738396,23.369042016384345,21.032137814745912,0.0
4.0600000000000005,53.021794050468834,21.849627134428275,78.6586576839418,0.8309096124038238,4007.078352017359,25.032729101858656,25.032729101858656,865.352648038133,35.156840249999995,631.6084104236191,0.0,198.5873973645139,23.342756419041176,21.00848077713706,0.0
4.065,53.13105257251113,21.853781682490293,78.67361405696506,0.8251661618263635,4007.8402688912406,24.999969251526025,24.999969251526025,864.2201776982304,35.156840249999995,631.8486247717295,0.0,197.21471267650088,23.316640850642088,20.98497676557788,0.0
4.07,53.24033179550061,21.857907513299423,78.68846704787792,0.8194622222708658,4008.5969192092352,24.96743584529581,24.96743584529581,863.0955352704526,35.156840249999995,632.0872238977157,0.0,195.85147112273694,23.290694302571865,20.96162487231468,0.0
4.075,53.34963157634488,21.86200482441078,78.7032173678788,0.8137975245401358,4009.3483392016583,24.935127325386915,24.935127325386915,861.9786669040994,35.156840249999995,632.324218289007,0.0,194.49760836509245,23.26491577085999,20.93842419377399,0.0
4.08,53.45895177293599,21.86607381203348,78.71786572332053,0.8081718012349898,4010.094564851975,24.903042144631947,24.903042144631947,860.8695191153737,35.156840249999995,632.5596183702112,0.0,193.15306049516255,23.239304256180905,20.915373830562814,0.0
4.085,53.56829224414367,21.870114671039655,78.73241281574276,0.8025847867427255,4010.835631898455,24.87117876640611,24.87117876640611,859.7680387849242,35.156840249999995,632.7934345034129,0.0,191.8177640315114,23.21385876385329,20.89247288746796,0.0
4.09,53.6776528498087,21.87412759497337,78.74685934190413,0.7970362172256622,4011.5715758358115,24.839535664556724,24.839535664556724,858.6741731554083,35.156840249999995,633.0256769884751,0.0,190.49165591693327,23.188578303839087,20.869720473455178,0.0
4.095,53.78703345073629,21.8781127760595,78.7612059938142,0.7915258306097935,4012.302431916825,24.80811132333336,24.80811132333336,857.5878698290774,35.156840249999995,633.2563560633367,0.0,189.17467351574066,23.1634618907422,20.84711570166798,0.0
4.1,53.89643390868947,21.88207040521255,78.77545345876517,0.7860533665734469,4013.0282351539663,24.776904237318107,24.776904237318107,856.5090767653659,35.156840249999995,633.4854819043121,0.0,187.8667546110538,23.13850854380658,20.824657689425923,0.0
4.105,54.00585408638261,21.886000672045416,78.7896024193635,0.7806185665360834,4013.749020320997,24.74591291135678,24.74591291135678,855.4377422785137,35.156840249999995,633.7130646263898,0.0,186.56783740212393,23.113717286914277,20.80234555822285,0.0
4.11,54.115293847474916,21.889903764878095,78.80365355356115,0.7752211736470979,4014.4648219545675,24.715135860490104,24.715135860490104,854.3738150351871,35.156840249999995,633.9391142835308,0.0,185.2778605016564,23.089087148582713,20.780178433724444,0.0
4.115,54.224753056563976,21.893779870746332,78.8176075346868,0.7698609327746837,4015.17567435581,24.684571609885367,24.684571609885367,853.3172440521158,35.156840249999995,634.1636408689665,0.0,183.9967629331494,23.064617161961664,20.7581554457655,0.0
4.12,54.33423157917937,21.897629175410206,78.83146503147674,0.7645375904948439,4015.8816115919026,24.654218694769035,24.654218694769035,852.2679786937636,35.156840249999995,634.3866543154959,0.0,182.7244841282677,23.040306364830176,20.73627572834716,0.0
4.125,54.4437292817763,21.90145186336268,78.84522670810566,0.7592508950803589,4016.582667497645,24.624075660359082,24.624075660359082,851.2259686699896,35.156840249999995,634.6081644957839,0.0,181.46096392420577,23.016153799592647,20.714538419633385,0.0
4.13,54.5532460317293,21.90524811783808,78.8588932242171,0.7540005964898803,4017.2788756770124,24.594141061798176,24.594141061798176,850.1911640337378,35.156840249999995,634.8281812226564,0.0,180.20614256108138,22.992158513274813,20.69294266194733,0.0
4.135,54.66278169732595,21.90901812082053,78.8724652349539,0.7487864463570737,4017.9702695047,24.56441346408721,24.56441346408721,849.1635151787398,35.156840249999995,635.0467142493992,0.0,178.9599606793406,22.968319557519347,20.67148760176741,0.0
4.14,54.772336147760626,21.912762053052315,78.88594339098833,0.7436081979798508,4018.656882127658,24.534891442019358,24.534891442019358,848.1429728372354,35.156840249999995,635.2637732700512,0.0,177.72235931718433,22.944635988581176,20.650172389723057,0.0
4.1450000000000005,54.88190925312836,21.916480094042214,78.89932833855197,0.7384656063096333,4019.338746466617,24.50557358011447,24.50557358011447,847.1294880777041,35.156840249999995,635.4793679197018,0.0,176.49327990800236,22.92110686732243,20.62899618059019,0.0
4.15,54.99150088441865,21.92017242207376,78.91262071946555,0.7333584279406576,4020.015895217611,24.47645847255361,24.47645847255361,846.1230123026023,35.156840249999995,635.6935077747852,0.0,175.27266427781717,22.89773125920677,20.60795813328609,0.0
4.155,55.101110913509366,21.923839214213466,78.92582117116848,0.7282864210994174,4020.688360853476,24.4475447231146,24.4475447231146,845.1234972461358,35.156840249999995,635.9062023533751,0.0,174.06045464276076,22.874508234293895,20.587057410864507,0.0
4.16,55.21073921316069,21.927480646318962,78.93893032674826,0.7232493456341111,4021.3561756253475,24.41883094510758,24.41883094510758,844.1308949720309,35.156840249999995,636.1174611154784,0.0,172.85659360655256,22.851436867233467,20.566293180510122,0.0
4.165,55.320385657009105,21.931096893047133,78.95194881496968,0.7182469630041372,4022.019371564156,24.39031576131084,24.39031576131084,843.1451578713179,35.156840249999995,636.3272934633292,0.0,171.66102415798878,22.828516237258516,20.54566461353266,0.0
4.17,55.43005011956138,21.934688127862152,78.96487726030375,0.7132790362697428,4022.67798048209,24.361997803907773,24.361997803907773,842.1662386601497,35.156840249999995,636.5357087416812,0.0,170.47368966846852,22.80574542817915,20.525170885361238,0.0
4.175,55.53973247618865,21.9382545230435,78.9777162829566,0.7083453300816053,4023.332033974078,24.333875714423243,24.333875714423243,841.1940903776041,35.156840249999995,636.7427162381005,0.0,169.29453388950367,22.783123528375224,20.504811175537704,0.0
4.18,55.64943260312049,21.94179624969391,78.99046649889807,0.7034456106705749,4023.98156341924,24.305948143661173,24.305948143661173,840.2286663835243,35.156840249999995,636.948325183257,0.0,168.12350095026738,22.760649630789295,20.484584667710365,0.0
4.1850000000000005,55.75915037743909,21.945313477747263,79.00312851989015,0.6985796458374539,4024.626599982335,24.278213751642248,24.278213751642248,839.2699203563675,35.156840249999995,637.152544751216,0.0,166.96053535515148,22.738322832919085,20.46449054962718,0.0
4.19,55.8688856770734,21.94880637597645,79.01570295351522,0.6937472049428042,4025.2671746152046,24.250671207541888,24.250671207541888,838.3178062910583,35.156840249999995,637.3553840597282,0.0,165.8055819813302,22.71614223680959,20.444528013128632,0.0
4.195,55.97863838079335,21.952275112001164,79.02819040320419,0.6889480588968474,4025.9033180582023,24.2233191896288,24.2233191896288,837.3722784968666,35.156840249999995,637.5568521705201,0.0,164.65858607634652,22.69410694904503,20.424696254140528,0.0
4.2,56.08840836820409,21.955719852295648,79.04059146826434,0.6841819801494419,4026.5350608416106,24.19615638520403,24.19615638520403,836.4332915952998,35.156840249999995,637.7569580895832,0.0,163.5194932557166,22.672216080740636,20.404994472666573,0.0
4.205,56.198195519740324,21.959140762196395,79.05290674390702,0.6794487426800444,4027.16243328706,24.16918149053995,24.16918149053995,835.5008005179933,35.156840249999995,637.9557107674627,0.0,162.3882495005306,22.65046874753381,20.38542187278043,0.0
4.21,56.30799971666059,21.962538005909796,79.06513682127526,0.6747481219878277,4027.7854655089254,24.142393210820227,24.142393210820227,834.5747605046364,35.156840249999995,638.1531190995456,0.0,161.26480115509082,22.628864069575485,20.365977662617937,0.0
4.215,56.41782084104167,21.965911746519733,79.07728228747104,0.6700798950817926,4028.404187415722,24.115790260079795,24.115790260079795,833.6551271008956,35.156840249999995,638.3491919263472,0.0,160.14909492454842,22.607401171520944,20.34666105436885,0.0
4.22,56.527658775772956,21.969262145995142,79.08934372558251,0.6654438404709637,4029.0186287114893,24.089371361145346,24.089371361145346,832.7418561563593,35.156840249999995,638.543938033799,0.0,159.04107787256032,22.586079182520535,20.327471264268482,0.0
4.225,56.63751340455094,21.972589365197496,79.10132171471099,0.6608397381546282,4029.6288188971685,24.06313524557613,24.06313524557613,831.8349038224898,35.156840249999995,638.7373661535337,0.0,157.94069741895612,22.564897236210026,20.308407512589024,0.0
4.23,56.74738461187365,21.97589356388827,79.11321682999778,0.6562673696126622,4030.2347872719656,24.037080653605315,24.037080653605315,830.9342265505968,35.156840249999995,638.9294849631706,0.0,156.84790133742626,22.54385447070091,20.28946902363082,0.0
4.235,56.85727228303521,21.979174900736332,79.1250296426508,0.6517265177958935,4030.8365629347104,24.011206334081578,24.011206334081578,830.0397810898185,35.156840249999995,639.1203030866,0.0,155.76263775321854,22.522950028570392,20.270655025713353,0.0
4.24,56.96717630412036,21.982433533325313,79.13676071997114,0.6472169671165053,4031.4341747852077,23.985511044410984,23.985511044410984,829.151524485112,35.156840249999995,639.3098290942672,0.0,154.68485514084477,22.502183056851024,20.25196475116592,0.0
4.245,57.07709656199908,21.985669618160895,79.14841062537923,0.6427385034385533,4032.0276515255728,23.959993550499593,23.959993550499593,828.2694140752693,35.156840249999995,639.4980715034551,0.0,153.61450232181426,22.48155270702046,20.233397436318413,0.0
4.25,57.187032944321174,21.988883310678087,79.15997991844111,0.6382909140684576,4032.6170216615697,23.9346526266959,23.9346526266959,827.3934074909281,35.156840249999995,639.6850387785668,0.0,152.55152846236138,22.461058134990544,20.21495232149149,0.0
4.255,57.29698533951099,21.99207476524843,79.17146915489434,0.633873987745667,4033.2023135039235,23.90948705573441,23.90948705573441,826.5234626526204,35.156840249999995,639.8707393314061,0.0,151.4958830712144,22.440698501096847,20.19662865098716,0.0
4.26,57.406953636762076,21.995244135187157,79.18287888667376,0.6294875146332408,4033.7835551696453,23.884495628678685,23.884495628678685,825.6595377688043,35.156840249999995,640.0551815214598,0.0,150.44751599734457,22.4204729700872,20.17842567307848,0.0
4.265,57.51693772603194,21.998391572760323,79.19420966193717,0.6251312863086204,4034.360774583329,23.859677144865564,23.859677144865564,824.8015913339356,35.156840249999995,640.2383736561753,0.0,149.40637742776028,22.4003807111108,20.16034263999972,0.0
4.2700000000000005,57.626937498036824,22.001517229191865,79.20546202509071,0.6208050957543444,4034.9339994784555,23.83503041184913,23.83503041184913,823.9495821265305,35.156840249999995,640.4203239912422,0.0,148.3724178852883,22.380420897706536,20.14237880793588,0.0
4.275,57.73695284424648,22.00462125467064,79.2166365168143,0.6165087373489115,4035.5032573986746,23.810554245345507,23.810554245345507,823.103469207258,35.156840249999995,640.6010407308681,0.0,147.34558822638985,22.36059270779156,20.124533437012406,0.0
4.28,57.846983656879054,22.007703798357383,79.22773367408658,0.6122420068576485,4036.068575699088,23.7862474691778,23.7862474691778,822.2632119170355,35.156840249999995,640.7805320280576,0.0,146.32583963897798,22.340895323649487,20.10680579128454,0.0
4.285,57.95702982889593,22.010765008391672,79.23875403021002,0.6080047014236281,4036.6299815475227,23.76210891522126,23.76210891522126,821.4287698751348,35.156840249999995,640.9588059848877,0.0,145.3131236402471,22.32132793191831,20.08919513872648,0.0
4.29,58.06709125399665,22.01380503189879,79.24969811483565,0.6037966195586847,4037.1875019257905,23.738137423349187,23.738137423349187,820.6001029773103,35.156840249999995,641.1358706527847,0.0,144.30739207452564,22.30188972357849,20.07170075122064,0.0
4.295,58.17716782661389,22.016824014996583,79.2605664539877,0.5996175611344393,4037.7411636309457,23.714331841378815,23.714331841378815,819.7771713939288,35.156840249999995,641.3117340327979,0.0,143.308597111131,22.282579893940518,20.054321904546466,0.0
4.3,58.28725944190838,22.019822102802255,79.27135957008812,0.5954673273733874,4038.2909932765347,23.69069102501761,23.69069102501761,818.9599355681142,35.156840249999995,641.4864040758747,0.0,142.31669124223959,22.263397642632434,20.03705787836919,0.0
4.305,58.39736599576399,22.022799439439122,79.28207798198085,0.5913457208400995,4038.837017293826,23.667213837810344,23.667213837810344,818.1483562139164,35.156840249999995,641.6598886831326,0.0,141.33162728078378,22.2443421735875,20.019907956228753,0.0
4.3100000000000005,58.5074873847827,22.025756168043323,79.29272220495596,0.5872525454323834,4039.37926193305,23.643899151085854,23.643899151085854,817.3423943144718,35.156840249999995,641.8321957061322,0.0,140.35335835833962,22.225412695031203,20.002871425528085,0.0
4.315,58.61762350627973,22.028692430770484,79.30329275077375,0.5831876063725715,4039.9177532646154,23.620745843904686,23.620745843904686,816.5420111201929,35.156840249999995,642.0033329471484,0.0,139.3818379230446,22.206608419468516,19.985947577521667,0.0
4.32,58.72777425827866,22.031608368802345,79.31379012768845,0.5791507101988019,4040.45251718033,23.597752803006607,23.597752803006607,815.7471681469541,35.156840249999995,642.1733081594405,0.0,138.41701973751367,22.187928563670674,19.969135707303604,0.0
4.325,58.83793953950654,22.03450412235334,79.32421484047202,0.5751416647564394,4040.9835793945986,23.574918922759103,23.574918922759103,814.9578271743113,35.156840249999995,642.3421290475223,0.0,137.458857876789,22.169372348662325,19.952435113796092,0.0
4.33,58.94811924938912,22.03737983067712,79.33456739043764,0.5711602791894514,4041.5109654456305,23.55224310510552,23.55224310510552,814.1739502437093,35.156840249999995,642.5098032674305,0.0,136.5073067262789,22.15093899970795,19.935845099737154,0.0
4.335,59.058313288045994,22.04023563207307,79.34484827546305,0.5672063639319069,4042.034700696624,23.529724259514058,23.529724259514058,813.3954996567181,35.156840249999995,642.6763384269924,0.0,135.56232097972577,22.13262774629861,19.91936497166875,0.0
4.34,59.16852155628591,22.04307166389273,79.35505799001382,0.5632797306994893,4042.554810336953,23.50736130292677,23.50736130292677,812.6224379732704,35.156840249999995,642.8417420860925,0.0,134.62385563717794,22.114437822138306,19.902994039924472,0.0
4.345,59.27874395560201,22.045888062546226,79.36519702516641,0.5593801924811039,4043.071319383337,23.485153159709263,23.485153159709263,811.8547280099227,35.156840249999995,643.0060217569389,0.0,133.69186600298383,22.09636846513045,19.886731618617407,0.0
4.3500000000000005,59.38898038816715,22.04868496350863,79.37526586863108,0.5555075635304428,4043.58425268102,23.463098761600037,23.463098761600037,811.092332838104,35.156840249999995,643.1691849043282,0.0,132.76630768377584,22.07841891736375,19.870577025627377,0.0
4.355,59.499230756829235,22.051462501326284,79.38526500477462,0.5516616593577464,4044.0936349049166,23.44119704766117,23.44119704766117,810.3352157824105,35.156840249999995,643.3312389459091,0.0,131.8471365865014,22.060588425098725,19.854529582588853,0.0
4.36,59.609494965106606,22.05422080962307,79.39519491464306,0.5478422967215055,4044.5994905607695,23.419446964228534,23.419446964228534,809.5833404188855,35.156840249999995,643.4921912524458,0.0,130.93430891643982,22.042876238753507,19.83858861487816,0.0
4.365,59.719772917183434,22.05696002110668,79.40505607598405,0.5440492936202072,4045.101843986301,23.39784746486234,23.39784746486234,808.8366705733093,35.156840249999995,643.6520491480799,0.0,130.0277811752295,22.02528161288953,19.822753451600576,0.0
4.37,59.830064517905136,22.05968026757478,79.41484896326921,0.5402824692842374,4045.6007193523387,23.376397510298695,23.376397510298695,808.0951703195248,35.156840249999995,643.810819910592,0.0,129.12751015893275,22.007803806197657,19.807023425577892,0.0
4.375,59.940369672773876,22.062381679921202,79.42457404771633,0.536541644167722,4046.096140663953,23.355096068400712,23.355096068400712,807.358803977747,35.156840249999995,643.9685107716615,0.0,128.23345295608556,21.99044208148363,19.791397873335267,0.0
4.38,60.050688287944034,22.06506438814204,79.43423179731136,0.5328266399404844,4046.588131761575,23.333942114110435,23.333942114110435,806.6275361129017,35.156840249999995,644.125128917126,0.0,127.34556694577577,21.973195705653758,19.77587613508838,0.0
4.385,60.16102027021775,22.067728521341742,79.44382267683028,0.5291372794800202,4047.0767163221135,23.3129346294008,23.3129346294008,805.9013315329643,35.156840249999995,644.2806814872395,0.0,126.46380979572484,21.956063949700344,19.76045755473031,0.0
4.39,60.271365527040444,22.070374207739142,79.45334714786091,0.5254733868635357,4047.5619178600627,23.292072603228046,23.292072603228046,805.180155287315,35.156840249999995,644.43517557693,0.0,125.58813946038504,21.9390460886871,19.74514147981839,0.0
4.3950000000000005,60.38172396649647,22.07300157467346,79.46280566882446,0.5218347873600413,4048.0437597286004,23.27135503148446,23.27135503148446,804.4639726651053,35.156840249999995,644.5886182360555,0.0,124.71851417904986,21.922141401734486,19.729927261561038,0.0
4.4,60.49209549730468,22.07561074861026,79.47219869499693,0.5182213074224731,4048.522265120683,23.250780916951296,23.250780916951296,803.7527491936305,35.156840249999995,644.7410164696595,0.0,123.85489247397106,21.90534917200488,19.714814254804395,0.0
4.405,60.60248002881407,22.078201855147373,79.48152667853054,0.5146327746799056,4048.9974570701274,23.230349269252304,23.230349269252304,803.0464506367227,35.156840249999995,644.8923772382253,0.0,122.99723314849746,21.888668686687907,19.699801818019118,0.0
4.41,60.712877470999494,22.080775019020773,79.49079006847478,0.5110690179297515,4049.4693584526935,23.210059104807108,23.210059104807108,802.3450429931399,35.156840249999995,645.0427074579294,0.0,122.14549528521059,21.872099236985274,19.68488931328675,0.0
4.415,60.82328773445732,22.083330364110424,79.49998931079753,0.5075298671300558,4049.9379919871544,23.189909446785258,23.189909446785258,801.6484924949773,35.156840249999995,645.192014000894,0.0,121.29963824408333,21.8556401180959,19.67007610628631,0.0
4.42,60.93371073040121,22.085868013446074,79.50912484840588,0.5040151533918223,4050.403380236361,23.16989932506042,23.16989932506042,800.9567656060833,35.156840249999995,645.3403036954378,0.0,120.45962166064555,21.839290629200768,19.655361566280693,0.0
4.425,61.044146370657856,22.088388089213034,79.51819712116692,0.5005247089714142,4050.8655456082956,23.150027776165107,23.150027776165107,800.2698290204954,35.156840249999995,645.4875833263275,0.0,119.625405444168,21.823050073447973,19.640745066103175,0.0
4.43,61.154594567662784,22.09089071275789,79.52720656592841,0.4970583672629334,4051.324510357129,23.130293843245187,23.130293843245187,799.587649660867,35.156840249999995,645.6338596350259,0.0,118.79694977584109,21.806917757937228,19.626225982143502,0.0
4.4350000000000005,61.26505523445616,22.093376004594205,79.53615361653914,0.49361596279073916,4051.7802965842566,23.110696576015354,23.110696576015354,798.910194676928,35.156840249999995,645.7791393199414,0.0,117.97421510698666,21.790892993704848,19.611803694334366,0.0
4.44,61.375528284678666,22.09584408440816,79.54503870386938,0.4901973312019438,4052.232926239339,23.09123503071439,23.09123503071439,798.237431443939,35.156840249999995,645.9234290366745,0.0,117.15716215726457,21.7749750957083,19.59747758613747,0.0
4.445,61.48601363256735,22.098295071064168,79.553862255831,0.48680230925897783,4052.682421121332,23.071908270060888,23.071908270060888,797.5693275611601,35.156840249999995,646.0667353982644,0.0,116.34575191289571,21.759163382810797,19.583247044529717,0.0
4.45,61.59651119295153,22.100729082610464,79.56262469739767,0.4834307348322111,4053.1288028795066,23.052715363209362,23.052715363209362,796.9058508503333,35.156840249999995,646.2090649754349,0.0,115.53994562489845,21.743457177765922,19.56911145998933,0.0
4.455,61.70702088124877,22.103146236284626,79.57132645062465,0.48008244689261786,4053.5720930144657,23.03365538570655,23.03365538570655,796.2469693541732,35.156840249999995,646.3504242968376,0.0,114.73970480733567,21.727855807202136,19.555070226481924,0.0
4.46,61.81754261346078,22.105546648519088,79.57996793466872,0.4767572855044665,4054.012312879155,23.014727419447965,23.014727419447965,795.5926513348635,35.156840249999995,646.490819849296,0.0,113.9449912355675,21.712358601607168,19.54112274144645,0.0
4.465,61.928076306169444,22.10793043494661,79.5885495658078,0.4734550918180834,4054.449483679864,22.995930552634846,22.995930552634846,794.9428652725702,35.156840249999995,646.6302580780483,0.0,113.15576694452193,21.696964895312487,19.527268405781236,0.0
4.47,62.03862187653283,22.1102977104057,79.59707175746053,0.4701757080626396,4054.883626477223,22.977263879731257,22.977263879731257,794.2975798639575,35.156840249999995,646.7687453869867,0.0,112.37199422697086,21.68167402647759,19.51350662382983,0.0
4.4750000000000005,62.14917924228121,22.112648588946012,79.60553492020564,0.4669189775390096,4055.3147621871904,22.958726501421694,22.958726501421694,793.6567640207231,35.156840249999995,646.9062881388999,0.0,111.5936356318233,21.666485337074445,19.499836803367,0.0
4.48,62.259748321713154,22.114983183833708,79.61393946180135,0.46368474461264886,4055.7429115820364,22.940317524568734,22.940317524568734,793.0203868681338,35.156840249999995,647.0428926557107,0.0,110.82065396242308,21.651398172871705,19.486258355584535,0.0
4.485,62.370329033691625,22.117301607556772,79.62228578720438,0.4604728547065232,4056.1680952913207,22.92203606217105,22.92203606217105,792.388417743574,35.156840249999995,647.178565218715,0.0,110.05301227485904,21.63641188341891,19.47277069507702,0.0
4.49,62.480921297640094,22.119603971830305,79.6305742985891,0.45728315429409677,4056.5903338028593,22.903881233321798,22.903881233321798,791.7608261951074,35.156840249999995,647.3133120688183,0.0,109.29067387628913,21.621525822030787,19.45937323982771,0.0
4.495,62.59152503353868,22.121890387601777,79.6388053953664,0.45411549089232967,4057.009647463692,22.88585216316703,22.88585216316703,791.1375819800396,35.156840249999995,647.4471394067729,0.0,108.53360232326679,21.60673934577129,19.446065411194166,0.0
4.5,62.702140161920326,22.124160965056237,79.64697947420245,0.4509697130547789,4057.4260564810347,22.86794798286478,22.86794798286478,790.5186550635032,35.156840249999995,647.580053393411,0.0,107.78176142009215,21.592051815437916,19.432846633894126,0.0
4.505,62.81276660386702,22.126415813621513,79.65509692903746,0.44784567036467504,4057.839580923233,22.850167829544006,22.850167829544006,789.9040156170389,35.156840249999995,647.7120601498816,0.0,107.03511521715734,21.57746259554566,19.419716335991094,0.0
4.51,62.92340428100601,22.128655041973335,79.66315815110401,0.4447432134281169,4058.2502407207016,22.83251084626423,22.83251084626423,789.2936340172004,35.156840249999995,647.8431657578805,0.0,106.29362800931995,21.562971054311326,19.406673948880194,0.0
4.515,63.03405311550604,22.130878758040478,79.67116352894573,0.4416621938671987,4058.6580556668728,22.814976181974785,22.814976181974785,788.6874808441448,35.156840249999995,647.9733762598844,0.0,105.55726433426048,21.54857656363721,19.393718907273488,0.0
4.5200000000000005,63.14471303007366,22.133087069009814,79.67911344843533,0.4386024643133262,4059.0630454191155,22.797562991475235,22.797562991475235,788.0855268802657,35.156840249999995,648.1026976593807,0.0,104.82598897088496,21.534278499095546,19.38085064918599,0.0
4.525,63.25538394794951,22.13528008133138,79.68700829279297,0.4355638784004612,4059.465229499667,22.780270435375357,22.780270435375357,787.4877431088083,35.156840249999995,648.2311359210981,0.0,104.09976693771023,21.520076239912356,19.36806861592112,0.0
4.53,63.36606579290464,22.137457900723383,79.69484844260418,0.43254629075843964,4059.8646272965543,22.763097680055544,22.763097680055544,786.8941007125021,35.156840249999995,648.3586969712351,0.0,103.37856349126707,21.50596916895136,19.355372252056227,0.0
4.535,63.47675848923689,22.139620632177177,79.70263427583784,0.4295495570063537,4060.261258064503,22.746043897627644,22.746043897627644,786.304571072206,35.156840249999995,648.4853866976875,0.0,102.66234412451854,21.49195667269807,19.34276100542826,0.0
4.54,63.58746196176724,22.14176837996221,79.71036616786395,0.4265735337459638,4060.6551409258464,22.729108265895988,22.729108265895988,785.7191257655614,35.156840249999995,648.6112109502761,0.0,101.95107456528535,21.47803814124378,19.3302343271194,0.0
4.545,63.69817613583623,22.14390124763094,79.71804449147139,0.4236180785551374,4061.0462948714267,22.712289968318526,22.712289968318526,785.1377365656492,35.156840249999995,648.7361755409714,0.0,101.24472077467783,21.464212968269397,19.317791671442457,0.0
4.55,63.808900937300365,22.146019338023716,79.72566961688538,0.4206830499813554,4061.434738761489,22.695588193968476,22.695588193968476,784.5603754396632,35.156840249999995,648.8602862441193,0.0,100.54324894554395,21.450480551029543,19.30543249592659,0.0
4.555,63.91963629252861,22.148122753273622,79.73324191178504,0.41776830753524163,4061.8204913265713,22.679002137496006,22.679002137496006,783.9870145475862,35.156840249999995,648.9835487966635,0.0,99.84662550092276,21.43684029033636,19.293156261302723,0.0
4.5600000000000005,64.03038212839881,22.1502115948113,79.74076174132068,0.4148737116841305,4062.2035711683884,22.662530999090258,22.662530999090258,783.417626240877,35.156840249999995,649.1059688983698,0.0,99.15481709250719,21.42329159054348,19.280962431489133,0.0
4.565,64.14113837229426,22.15228596336972,79.748229468131,0.4119991238456994,4062.5839967607076,22.64617398444168,22.64617398444168,782.8521830611683,35.156840249999995,649.2275522120461,0.0,98.46779059912217,21.409833859529954,19.26885047357696,0.0
4.57,64.25190495210016,22.154345958988948,79.75564545236021,0.409144406381632,4062.961786450218,22.62993030470465,22.62993030470465,782.290657738974,35.156840249999995,649.348304363764,0.0,97.78551312521006,21.396466508684252,19.256819857815827,0.0
4.575,64.36268179620019,22.156391681020857,79.76301005167508,0.4063094225912656,4063.336958457405,22.613799176459867,22.613799176459867,781.7330231923904,35.156840249999995,649.468230943078,0.0,97.10795199931249,21.383188952887856,19.24487005759907,0.0
4.58,64.47346883347308,22.158423228133813,79.77032362128173,0.4034940367054024,4063.7095308773996,22.59777982167789,22.59777982167789,781.1792525258346,35.156840249999995,649.5873375032435,0.0,96.43507477259118,21.370000610499584,19.233000549449624,0.0
4.585,64.58426599328921,22.16044069831734,79.77758651394242,0.4006981138800551,4064.079521680835,22.5818714676822,22.5818714676822,780.6293190287682,35.156840249999995,649.7056295614351,0.0,95.76684921733317,21.35690090333934,19.221210813005406,0.0
4.59,64.69507320550721,22.16244418888674,79.78479907999227,0.39792152019023713,4064.4469487147026,22.566073347112514,22.566073347112514,780.0831961744292,35.156840249999995,649.8231125989626,0.0,95.10324332546668,21.34388925667182,19.209500331004637,0.0
4.595,64.80589040047066,22.164433796487693,79.7919616673557,0.3951641226238634,4064.811829703185,22.550384697888855,22.550384697888855,779.5408576185893,35.156840249999995,649.939792061486,0.0,94.44422530710335,21.330965099190692,19.197868589271625,0.0
4.6000000000000005,64.91671750900463,22.16640961710081,79.79907462156292,0.3924257890756364,4065.174182248498,22.534804763175483,22.534804763175483,779.0022771983075,35.156840249999995,650.0556733592305,0.0,93.7897635890771,21.31812786300246,19.186315076702215,0.0
4.605,65.0275544624125,22.16837174604619,79.8061382857663,0.38970638834095905,4065.534023831722,22.519332791344972,22.519332791344972,778.4674289306886,35.156840249999995,650.1707618671994,0.0,93.13982681348921,21.30537698361025,19.17483928524922,0.0
4.61,65.13840119247257,22.170320277987894,79.81315300075642,0.38700579010995917,4065.8913718136246,22.503968035943043,22.503968035943043,777.9362870116666,35.156840249999995,650.2850629253865,0.0,92.49438383628024,21.29271189989798,19.163440709908183,0.0
4.615,65.24925763143489,22.172255306938442,79.82011910497839,0.3843238649614422,4066.2462434354866,22.48870975565287,22.48870975565287,777.408825814772,35.156840249999995,650.3985818389873,0.0,91.85340372578469,21.280132054114027,19.152118848702624,0.0
4.62,65.3601237120179,22.17417692626325,79.8270369345477,0.38166048435699296,4066.5986558199115,22.473557214260378,22.473557214260378,776.8850198899306,35.156840249999995,650.5113238786093,0.0,91.21685576132131,21.26763689185539,19.140873202669848,0.0
4.625,65.47099936740526,22.176085228685036,79.83390682326613,0.37901552063503363,4066.94862597164,22.4585096806192,22.4585096806192,776.3648439622541,35.156840249999995,650.6232942804811,0.0,90.58470943177304,21.255225862051486,19.129703275846335,0.0
4.63,65.5818845312427,22.177980306288212,79.84072910263757,0.3763888470049809,4067.2961707783484,22.443566428616332,22.443566428616332,775.848272930851,35.156840249999995,650.7344982466606,0.0,89.95693443419043,21.24289841694831,19.118608575253482,0.0
4.635,65.69277913763472,22.179862250523236,79.84750410188366,0.373780337541402,4067.64130701145,22.428726737137687,22.428726737137687,775.3352818676367,35.156840249999995,650.8449409452417,0.0,89.33350067239508,21.230654012092327,19.107588610883095,0.0
4.64,65.80368312114155,22.181731152210943,79.8542321479594,0.3711898671781883,4067.9840513268928,22.413989890033797,22.413989890033797,774.8258460161483,35.156840249999995,650.9546275105613,0.0,88.71437825558701,21.218492106314315,19.096642895682887,0.0
4.6450000000000005,65.91459641677594,22.183587101546834,79.86091356556861,0.36861731170285333,4068.3244202659384,22.399355176086317,22.399355176086317,774.3199407903855,35.156840249999995,651.0635630434036,0.0,88.09953749698195,21.20641216171371,19.08577094554234,0.0
4.65,66.02551896000006,22.18543018810535,79.86754867717926,0.3660625477507647,4068.6624302559526,22.384821888974056,22.384821888974056,773.8175417736376,35.156840249999995,651.1717526112049,0.0,87.48894891243276,21.194413643642385,19.074972279278146,0.0
4.655,66.13645068672243,22.187260500844104,79.87413780303878,0.36352545279948245,4068.9980976111783,22.370389327239696,22.370389327239696,773.3186247173317,35.156840249999995,651.2792012482554,0.0,86.88258321907631,21.18249602068881,19.064246418619927,0.0
4.66,66.2473915332948,22.1890781281081,79.88068126118917,0.3610059051631036,4069.33143853351,22.356056794256535,22.356056794256535,772.8231655398841,35.156840249999995,651.3859139559024,0.0,86.28041133398176,21.170658764662107,19.053592888195897,0.0
4.665,66.35834143650915,22.190883157633916,79.8871793674821,0.35850378398664834,4069.662469113261,22.341823598195507,22.341823598195507,772.3311403255601,35.156840249999995,651.4918957027512,0.0,85.68240437280895,21.158901350576134,19.04301121551852,0.0
4.67,66.46930033359462,22.19267567655385,79.89363243559386,0.356018969240489,4069.9912053299236,22.327689051992433,22.327689051992433,771.8425253233414,35.156840249999995,651.5971514248646,0.0,85.08853364847687,21.1472232566336,19.03250093097024,0.0
4.675,66.5802681622145,22.194455771400055,79.9000407770402,0.353551341714819,4070.317663052926,22.31365247331554,22.31365247331554,771.3572969458033,35.156840249999995,651.7016860259616,0.0,84.49877066984175,21.135623964210282,19.022061567789255,0.0
4.68,66.69124486046327,22.19622352810863,79.90640470119106,0.3511007830141359,4070.6418580423856,22.29971318453305,22.29971318453305,770.875431767995,35.156840249999995,651.8055043776166,0.0,83.91308714037848,21.124102957839092,19.011692662055182,0.0
4.6850000000000005,66.80223036686361,22.1979790320237,79.91272451528532,0.3486671755517609,4070.963805949858,22.28587051268098,22.28587051268098,770.3969065263256,35.156840249999995,651.9086113194547,0.0,83.33145495687086,21.112659725194188,19.001393752674772,0.0
4.69,66.91322462036342,22.199722367901458,79.91900052444525,0.34625040254445644,4071.28352231907,22.272123789431603,22.272123789431603,769.9216981174744,35.156840249999995,652.0110116593494,0.0,82.75384620812508,21.101293757075517,18.991164381367966,0.0
4.695,67.02422756033296,22.20145361991418,79.92523303169105,0.34385034800696646,4071.601022586667,22.258472351061346,22.258472351061346,769.4497835972811,35.156840249999995,652.1127101736162,0.0,82.18023317366499,21.090004547392645,18.98100409265338,0.0
4.7,67.13523912656188,22.203172871654214,79.93142233795517,0.34146689674671166,4071.916322082936,22.2449155384197,22.2449155384197,768.981140179671,35.156840249999995,652.213711607207,0.0,81.61058832246408,21.078791593149376,18.970912433834442,0.0
4.705,67.24625925925636,22.204880206137947,79.93756874209662,0.33909993435840996,4072.2294360325386,22.23145269689765,22.23145269689765,768.5157452355633,35.156840249999995,652.3140206739033,0.0,81.04488431165998,21.067654394427787,18.96088895498501,0.0
4.71,67.35728789903624,22.20657570580974,79.94367254091507,0.33674934721880706,4072.540379555232,22.218083176396757,22.218083176396757,768.0535762918028,35.156840249999995,652.4136420565079,0.0,80.48309398529489,21.056592454372634,18.95093320893537,0.0
4.715,67.46832498693212,22.208259452545835,79.94973402916501,0.33441502248145394,4072.8491676665785,22.204806331298585,22.204806331298585,767.5946110301029,35.156840249999995,652.5125804070354,0.0,79.9251903730675,21.045605279175955,18.94104475125836,0.0
4.72,67.57937046438263,22.20993152765824,79.95575349956967,0.33209684807140205,4073.1558152786715,22.191621520433525,22.191621520433525,767.138827285968,35.156840249999995,652.6108403469029,0.0,79.37114668906509,21.034692378060974,18.93122314025488,0.0
4.7250000000000005,67.69042427323153,22.2115920118986,79.96173124283496,0.3297947126800942,4073.460337200829,22.17852810705095,22.17852810705095,766.6862030476613,35.156840249999995,652.7084264671188,0.0,78.82093633054251,21.02385326326704,18.921467936940335,0.0
4.73,67.80148635572493,22.213240985462,79.96766754766321,0.3275085057601561,4073.762748140306,22.165525458788625,22.165525458788625,766.2367164551475,35.156840249999995,652.8053433284703,0.0,78.27453287667731,21.013087450033712,18.91177870503034,0.0
4.735,67.91255665450856,22.214878527990802,79.97356270076689,0.32523811752028337,4074.0630627029896,22.152612947642755,22.152612947642755,765.7903457990583,35.156840249999995,652.9015954617106,0.0,77.73191008734773,21.00239445658537,18.902155010926837,0.0
4.74,68.02363511262499,22.216504718578403,79.97941698688226,0.32298343892017006,4074.3612953940897,22.13978994993834,22.13978994993834,765.3470695196662,35.156840249999995,652.9971873677456,0.0,77.19304190192065,20.991773804115827,18.892596423704244,0.0
4.745,68.13472167351087,22.218119635773004,79.98523068878282,0.3207443616654378,4074.6574606188306,22.12705584629943,22.12705584629943,764.9068662058571,35.156840249999995,653.0921235178175,0.0,76.65790243803963,20.981225016772772,18.883102515095494,0.0
4.75,68.24581628099425,22.21972335758133,79.9910040872928,0.3185207782026027,4074.9515726831355,22.114410021619676,22.114410021619676,764.4697145941121,35.156840249999995,653.1864083536901,0.0,76.12646599042205,20.970747621642378,18.87367285947814,0.0
4.755,68.35691887929188,22.221315961472342,79.99673746130044,0.3163125817141008,4075.243645794304,22.101851865033222,22.101851865033222,764.0355935675016,35.156840249999995,653.2800462878315,0.0,75.5987070296701,20.960341148733974,18.864307033860577,0.0
4.76,68.4680294130065,22.22289752438091,80.00243108777128,0.3141196661133287,4075.533694061686,22.0893807698857,22.0893807698857,763.6044821546815,35.156840249999995,653.373041703596,0.0,75.07460020108556,20.950005130964744,18.855004617868268,0.0
